PROVINCECODE,ID,COUNTRYCODE,PROVINCENAME,LOAD_TIME
AD-02,1,AD,"Canillo",
AD-03,2,AD,"Encamp",
AD-04,3,AD,"La Massana",
AD-05,4,AD,"Ordino",
AD-06,5,AD,"Sant Julia de Loria",
AD-07,6,AD,"Andorra la Vella",
AD-08,7,AD,"Escaldes-Engordany",
AE-AJ,8,AE,"'Ajman",
AE-AZ,9,AE,"Abu Zaby",
AE-DU,10,AE,"Dubayy",
AE-FU,11,AE,"Al Fujayrah",
AE-RK,12,AE,"Ra's al Khaymah",
AE-SH,13,AE,"Ash Shariqah",
AE-UQ,14,AE,"Umm al Qaywayn",
AF-BAL,15,AF,"Balkh",
AF-BAM,16,AF,"Bamyan",
AF-BDG,17,AF,"Badghis",
AF-BGL,18,AF,"Baghlan",
AF-DAY,19,AF,"Daykundi",
AF-FRA,20,AF,"Farah",
AF-FYB,21,AF,"Faryab",
AF-GHA,22,AF,"Ghazni",
AF-GHO,23,AF,"Ghor",
AF-HEL,24,AF,"Helmand",
AF-HER,25,AF,"Herat",
AF-JOW,26,AF,"Jowzjan",
AF-KAB,27,AF,"Kabul",
AF-KAN,28,AF,"Kandahar",
AF-KDZ,29,AF,"Kunduz",
AF-KHO,30,AF,"Khost",
AF-LAG,31,AF,"Laghman",
AF-LOG,32,AF,"Logar",
AF-NAN,33,AF,"Nangarhar",
AF-NIM,34,AF,"Nimroz",
AF-PAR,35,AF,"Parwan",
AF-PIA,36,AF,"Paktiya",
AF-PKA,37,AF,"Paktika",
AF-SAM,38,AF,"Samangan",
AF-SAR,39,AF,"Sar-e Pul",
AF-TAK,40,AF,"Takhar",
AF-URU,41,AF,"Uruzgan",
AG-03,42,AG,"Saint George",
AG-04,43,AG,"Saint John",
AG-05,44,AG,"Saint Mary",
AG-07,45,AG,"Saint Peter",
AG-08,46,AG,"Saint Philip",
AG-10,47,AG,"Barbuda",
AL-01,48,AL,"Berat",
AL-02,49,AL,"Durres",
AL-03,50,AL,"Elbasan",
AL-04,51,AL,"Fier",
AL-05,52,AL,"Gjirokaster",
AL-06,53,AL,"Korce",
AL-07,54,AL,"Kukes",
AL-08,55,AL,"Lezhe",
AL-09,56,AL,"Diber",
AL-10,57,AL,"Shkoder",
AL-11,58,AL,"Tirane",
AL-12,59,AL,"Vlore",
AM-AG,60,AM,"Aragacotn",
AM-AR,61,AM,"Ararat",
AM-AV,62,AM,"Armavir",
AM-ER,63,AM,"Erevan",
AM-GR,64,AM,"Gegark'unik'",
AM-KT,65,AM,"Kotayk'",
AM-LO,66,AM,"Lori",
AM-SH,67,AM,"Sirak",
AM-SU,68,AM,"Syunik'",
AM-TV,69,AM,"Tavus",
AM-VD,70,AM,"Vayoc Jor",
AO-BGO,71,AO,"Bengo",
AO-BGU,72,AO,"Benguela",
AO-BIE,73,AO,"Bie",
AO-CAB,74,AO,"Cabinda",
AO-CCU,75,AO,"Cuando Cubango",
AO-CNN,76,AO,"Cunene",
AO-CNO,77,AO,"Cuanza-Norte",
AO-CUS,78,AO,"Cuanza-Sul",
AO-HUA,79,AO,"Huambo",
AO-HUI,80,AO,"Huila",
AO-LNO,81,AO,"Lunda-Norte",
AO-LSU,82,AO,"Lunda-Sul",
AO-LUA,83,AO,"Luanda",
AO-MAL,84,AO,"Malange",
AO-MOX,85,AO,"Moxico",
AO-NAM,86,AO,"Namibe",
AO-UIG,87,AO,"Uige",
AO-ZAI,88,AO,"Zaire",
AR-A,89,AR,"Salta",
AR-B,90,AR,"Buenos Aires",
AR-C,91,AR,"Ciudad Autonoma de Buenos Aires",
AR-D,92,AR,"San Luis",
AR-E,93,AR,"Entre Rios",
AR-F,94,AR,"La Rioja",
AR-G,95,AR,"Santiago del Estero",
AR-H,96,AR,"Chaco",
AR-J,97,AR,"San Juan",
AR-K,98,AR,"Catamarca",
AR-L,99,AR,"La Pampa",
AR-M,100,AR,"Mendoza",
AR-N,101,AR,"Misiones",
AR-P,102,AR,"Formosa",
AR-Q,103,AR,"Neuquen",
AR-R,104,AR,"Rio Negro",
AR-S,105,AR,"Santa Fe",
AR-T,106,AR,"Tucuman",
AR-U,107,AR,"Chubut",
AR-V,108,AR,"Tierra del Fuego",
AR-W,109,AR,"Corrientes",
AR-X,110,AR,"Cordoba",
AR-Y,111,AR,"Jujuy",
AR-Z,112,AR,"Santa Cruz",
AT-1,113,AT,"Burgenland",
AT-2,114,AT,"Karnten",
AT-3,115,AT,"Niederosterreich",
AT-4,116,AT,"Oberosterreich",
AT-5,117,AT,"Salzburg",
AT-6,118,AT,"Steiermark",
AT-7,119,AT,"Tirol",
AT-8,120,AT,"Vorarlberg",
AT-9,121,AT,"Wien",
AU-ACT,122,AU,"Australian Capital Territory",
AU-NSW,123,AU,"New South Wales",
AU-NT,124,AU,"Northern Territory",
AU-QLD,125,AU,"Queensland",
AU-SA,126,AU,"South Australia",
AU-TAS,127,AU,"Tasmania",
AU-VIC,128,AU,"Victoria",
AU-WA,129,AU,"Western Australia",
AZ-ABS,130,AZ,"Abseron",
AZ-AGA,131,AZ,"Agstafa",
AZ-AGC,132,AZ,"Agcabadi",
AZ-AGS,133,AZ,"Agdas",
AZ-AGU,134,AZ,"Agsu",
AZ-AST,135,AZ,"Astara",
AZ-BA,136,AZ,"Baki",
AZ-BAL,137,AZ,"Balakan",
AZ-BAR,138,AZ,"Barda",
AZ-BEY,139,AZ,"Beylaqan",
AZ-BIL,140,AZ,"Bilasuvar",
AZ-CAL,141,AZ,"Calilabad",
AZ-DAS,142,AZ,"Daskasan",
AZ-GA,143,AZ,"Ganca",
AZ-GAD,144,AZ,"Gadabay",
AZ-GOY,145,AZ,"Goycay",
AZ-GYG,146,AZ,"Goygol",
AZ-IMI,147,AZ,"Imisli",
AZ-ISM,148,AZ,"Ismayilli",
AZ-KUR,149,AZ,"Kurdamir",
AZ-LA,150,AZ,"Lankaran",
AZ-MAS,151,AZ,"Masalli",
AZ-MI,152,AZ,"Mingacevir",
AZ-NEF,153,AZ,"Neftcala",
AZ-NX,154,AZ,"Naxcivan",
AZ-OGU,155,AZ,"Oguz",
AZ-QAB,156,AZ,"Qabala",
AZ-QAX,157,AZ,"Qax",
AZ-QAZ,158,AZ,"Qazax",
AZ-QBA,159,AZ,"Quba",
AZ-QUS,160,AZ,"Qusar",
AZ-SAB,161,AZ,"Sabirabad",
AZ-SAK,162,AZ,"Saki",
AZ-SAL,163,AZ,"Salyan",
AZ-SAT,164,AZ,"Saatli",
AZ-SIY,165,AZ,"Siyazan",
AZ-SKR,166,AZ,"Samkir",
AZ-SM,167,AZ,"Sumqayit",
AZ-SMI,168,AZ,"Samaxi",
AZ-SMX,169,AZ,"Samux",
AZ-SR,170,AZ,"Sirvan",
AZ-TAR,171,AZ,"Tartar",
AZ-TOV,172,AZ,"Tovuz",
AZ-UCA,173,AZ,"Ucar",
AZ-XAC,174,AZ,"Xacmaz",
AZ-XIZ,175,AZ,"Xizi",
AZ-YAR,176,AZ,"Yardimli",
AZ-YEV,177,AZ,"Yevlax",
AZ-ZAQ,178,AZ,"Zaqatala",
AZ-ZAR,179,AZ,"Zardab",
BA-BIH,180,BA,"Federacija Bosne i Hercegovine",
BA-BRC,181,BA,"Brcko distrikt",
BA-SRP,182,BA,"Republika Srpska",
BB-01,183,BB,"Christ Church",
BB-02,184,BB,"Saint Andrew",
BB-03,185,BB,"Saint George",
BB-04,186,BB,"Saint James",
BB-05,187,BB,"Saint John",
BB-07,188,BB,"Saint Lucy",
BB-08,189,BB,"Saint Michael",
BB-09,190,BB,"Saint Peter",
BB-10,191,BB,"Saint Philip",
BB-11,192,BB,"Saint Thomas",
BD-A,193,BD,"Barishal",
BD-B,194,BD,"Chattogram",
BD-C,195,BD,"Dhaka",
BD-D,196,BD,"Khulna",
BD-E,197,BD,"Rajshahi",
BD-F,198,BD,"Rangpur",
BD-G,199,BD,"Sylhet",
BE-BRU,200,BE,"Brussels Hoofdstedelijk Gewest",
BE-VAN,201,BE,"Antwerpen",
BE-VBR,202,BE,"Vlaams-Brabant",
BE-VLI,203,BE,"Limburg",
BE-VOV,204,BE,"Oost-Vlaanderen",
BE-VWV,205,BE,"West-Vlaanderen",
BE-WBR,206,BE,"Brabant wallon",
BE-WHT,207,BE,"Hainaut",
BE-WLG,208,BE,"Liege",
BE-WLX,209,BE,"Luxembourg",
BE-WNA,210,BE,"Namur",
BF-BAL,211,BF,"Bale",
BF-BAM,212,BF,"Bam",
BF-BAN,213,BF,"Banwa",
BF-BAZ,214,BF,"Bazega",
BF-BGR,215,BF,"Bougouriba",
BF-BLG,216,BF,"Boulgou",
BF-BLK,217,BF,"Boulkiemde",
BF-COM,218,BF,"Comoe",
BF-GAN,219,BF,"Ganzourgou",
BF-GNA,220,BF,"Gnagna",
BF-GOU,221,BF,"Gourma",
BF-HOU,222,BF,"Houet",
BF-IOB,223,BF,"Ioba",
BF-KAD,224,BF,"Kadiogo",
BF-KEN,225,BF,"Kenedougou",
BF-KMP,226,BF,"Kompienga",
BF-KOS,227,BF,"Kossi",
BF-KOT,228,BF,"Kouritenga",
BF-KOW,229,BF,"Kourweogo",
BF-LER,230,BF,"Leraba",
BF-LOR,231,BF,"Loroum",
BF-MOU,232,BF,"Mouhoun",
BF-NAM,233,BF,"Namentenga",
BF-NAO,234,BF,"Nahouri",
BF-NAY,235,BF,"Nayala",
BF-OUB,236,BF,"Oubritenga",
BF-OUD,237,BF,"Oudalan",
BF-PAS,238,BF,"Passore",
BF-SEN,239,BF,"Seno",
BF-SIS,240,BF,"Sissili",
BF-SMT,241,BF,"Sanmatenga",
BF-SOM,242,BF,"Soum",
BF-SOR,243,BF,"Sourou",
BF-TAP,244,BF,"Tapoa",
BF-TUI,245,BF,"Tuy",
BF-YAT,246,BF,"Yatenga",
BF-ZIR,247,BF,"Ziro",
BF-ZON,248,BF,"Zondoma",
BF-ZOU,249,BF,"Zoundweogo",
BG-01,250,BG,"Blagoevgrad",
BG-02,251,BG,"Burgas",
BG-03,252,BG,"Varna",
BG-04,253,BG,"Veliko Tarnovo",
BG-05,254,BG,"Vidin",
BG-06,255,BG,"Vratsa",
BG-07,256,BG,"Gabrovo",
BG-08,257,BG,"Dobrich",
BG-09,258,BG,"Kardzhali",
BG-10,259,BG,"Kyustendil",
BG-11,260,BG,"Lovech",
BG-12,261,BG,"Montana",
BG-13,262,BG,"Pazardzhik",
BG-14,263,BG,"Pernik",
BG-15,264,BG,"Pleven",
BG-16,265,BG,"Plovdiv",
BG-17,266,BG,"Razgrad",
BG-18,267,BG,"Ruse",
BG-19,268,BG,"Silistra",
BG-20,269,BG,"Sliven",
BG-21,270,BG,"Smolyan",
BG-22,271,BG,"Sofia (stolitsa)",
BG-23,272,BG,"Sofia",
BG-24,273,BG,"Stara Zagora",
BG-25,274,BG,"Targovishte",
BG-26,275,BG,"Haskovo",
BG-27,276,BG,"Shumen",
BG-28,277,BG,"Yambol",
BH-13,278,BH,"Al 'Asimah",
BH-14,279,BH,"Al Janubiyah",
BH-15,280,BH,"Al Muharraq",
BH-17,281,BH,"Ash Shamaliyah",
BI-BM,282,BI,"Bujumbura Mairie",
BI-BR,283,BI,"Bururi",
BI-CI,284,BI,"Cibitoke",
BI-GI,285,BI,"Gitega",
BI-KI,286,BI,"Kirundo",
BI-MW,287,BI,"Mwaro",
BI-NG,288,BI,"Ngozi",
BI-RM,289,BI,"Rumonge",
BI-RT,290,BI,"Rutana",
BI-RY,291,BI,"Ruyigi",
BJ-AK,292,BJ,"Atacora",
BJ-AQ,293,BJ,"Atlantique",
BJ-BO,294,BJ,"Borgou",
BJ-CO,295,BJ,"Collines",
BJ-DO,296,BJ,"Donga",
BJ-LI,297,BJ,"Littoral",
BJ-MO,298,BJ,"Mono",
BJ-OU,299,BJ,"Oueme",
BJ-PL,300,BJ,"Plateau",
BJ-ZO,301,BJ,"Zou",
BN-BE,302,BN,"Belait",
BN-BM,303,BN,"Brunei-Muara",
BN-TE,304,BN,"Temburong",
BN-TU,305,BN,"Tutong",
BO-B,306,BO,"El Beni",
BO-C,307,BO,"Cochabamba",
BO-H,308,BO,"Chuquisaca",
BO-L,309,BO,"La Paz",
BO-N,310,BO,"Pando",
BO-O,311,BO,"Oruro",
BO-P,312,BO,"Potosi",
BO-S,313,BO,"Santa Cruz",
BO-T,314,BO,"Tarija",
BQ-BO,315,BQ,"Bonaire",
BQ-SA,316,BQ,"Saba",
BQ-SE,317,BQ,"Sint Eustatius",
BR-AC,318,BR,"Acre",
BR-AL,319,BR,"Alagoas",
BR-AM,320,BR,"Amazonas",
BR-AP,321,BR,"Amapa",
BR-BA,322,BR,"Bahia",
BR-CE,323,BR,"Ceara",
BR-DF,324,BR,"Distrito Federal",
BR-ES,325,BR,"Espirito Santo",
BR-GO,326,BR,"Goias",
BR-MA,327,BR,"Maranhao",
BR-MG,328,BR,"Minas Gerais",
BR-MS,329,BR,"Mato Grosso do Sul",
BR-MT,330,BR,"Mato Grosso",
BR-PA,331,BR,"Para",
BR-PB,332,BR,"Paraiba",
BR-PE,333,BR,"Pernambuco",
BR-PI,334,BR,"Piaui",
BR-PR,335,BR,"Parana",
BR-RJ,336,BR,"Rio de Janeiro",
BR-RN,337,BR,"Rio Grande do Norte",
BR-RO,338,BR,"Rondonia",
BR-RR,339,BR,"Roraima",
BR-RS,340,BR,"Rio Grande do Sul",
BR-SC,341,BR,"Santa Catarina",
BR-SE,342,BR,"Sergipe",
BR-SP,343,BR,"Sao Paulo",
BR-TO,344,BR,"Tocantins",
BS-BP,345,BS,"Black Point",
BS-CO,346,BS,"Central Abaco",
BS-EG,347,BS,"East Grand Bahama",
BS-FP,348,BS,"City of Freeport",
BS-HI,349,BS,"Harbour Island",
BS-LI,350,BS,"Long Island",
BS-NE,351,BS,"North Eleuthera",
BS-NP,352,BS,"New Providence",
BS-NS,353,BS,"North Andros",
BS-SE,354,BS,"South Eleuthera",
BS-SS,355,BS,"San Salvador",
BS-WG,356,BS,"West Grand Bahama",
BT-11,357,BT,"Paro",
BT-12,358,BT,"Chhukha",
BT-14,359,BT,"Samtse",
BT-15,360,BT,"Thimphu",
BT-21,361,BT,"Tsirang",
BT-22,362,BT,"Dagana",
BT-23,363,BT,"Punakha",
BT-24,364,BT,"Wangdue Phodrang",
BT-31,365,BT,"Sarpang",
BT-32,366,BT,"Trongsa",
BT-33,367,BT,"Bumthang",
BT-34,368,BT,"Zhemgang",
BT-41,369,BT,"Trashigang",
BT-42,370,BT,"Monggar",
BT-43,371,BT,"Pema Gatshel",
BT-44,372,BT,"Lhuentse",
BT-45,373,BT,"Samdrup Jongkhar",
BT-GA,374,BT,"Gasa",
BW-CE,375,BW,"Central",
BW-CH,376,BW,"Chobe",
BW-GH,377,BW,"Ghanzi",
BW-KL,378,BW,"Kgatleng",
BW-KW,379,BW,"Kweneng",
BW-NE,380,BW,"North East",
BW-NW,381,BW,"North West",
BW-SE,382,BW,"South East",
BW-SO,383,BW,"Southern",
BY-BR,384,BY,"Brestskaya voblasts'",
BY-HM,385,BY,"Horad Minsk",
BY-HO,386,BY,"Homyel'skaya voblasts'",
BY-HR,387,BY,"Hrodzyenskaya voblasts'",
BY-MA,388,BY,"Mahilyowskaya voblasts'",
BY-MI,389,BY,"Minskaya voblasts'",
BY-VI,390,BY,"Vitsyebskaya voblasts'",
BZ-BZ,391,BZ,"Belize",
BZ-CY,392,BZ,"Cayo",
BZ-CZL,393,BZ,"Corozal",
BZ-OW,394,BZ,"Orange Walk",
BZ-SC,395,BZ,"Stann Creek",
BZ-TOL,396,BZ,"Toledo",
CA-AB,397,CA,"Alberta",
CA-BC,398,CA,"British Columbia",
CA-MB,399,CA,"Manitoba",
CA-NB,400,CA,"New Brunswick",
CA-NL,401,CA,"Newfoundland and Labrador",
CA-NS,402,CA,"Nova Scotia",
CA-NT,403,CA,"Northwest Territories",
CA-NU,404,CA,"Nunavut",
CA-ON,405,CA,"Ontario",
CA-PE,406,CA,"Prince Edward Island",
CA-QC,407,CA,"Quebec",
CA-SK,408,CA,"Saskatchewan",
CA-YT,409,CA,"Yukon",
CD-EQ,410,CD,"Equateur",
CD-HK,411,CD,"Haut-Katanga",
CD-HL,412,CD,"Haut-Lomami",
CD-IT,413,CD,"Ituri",
CD-KC,414,CD,"Kasai Central",
CD-KE,415,CD,"Kasai Oriental",
CD-KN,416,CD,"Kinshasa",
CD-KS,417,CD,"Kasai",
CD-LU,418,CD,"Lualaba",
CD-MA,419,CD,"Maniema",
CD-NK,420,CD,"Nord-Kivu",
CD-SA,421,CD,"Sankuru",
CD-SK,422,CD,"Sud-Kivu",
CD-TA,423,CD,"Tanganyika",
CD-TO,424,CD,"Tshopo",
CF-AC,425,CF,"Ouham",
CF-BB,426,CF,"Bamingui-Bangoran",
CF-BGF,427,CF,"Bangui",
CF-HS,428,CF,"Mambere-Kadei",
CF-KB,429,CF,"Gribingui",
CF-KG,430,CF,"Kemo-Gribingui",
CF-NM,431,CF,"Nana-Mambere",
CF-OP,432,CF,"Ouham-Pende",
CF-UK,433,CF,"Ouaka",
CF-VK,434,CF,"Vakaga",
CG-11,435,CG,"Bouenza",
CG-13,436,CG,"Sangha",
CG-14,437,CG,"Plateaux",
CG-16,438,CG,"Pointe-Noire",
CG-8,439,CG,"Cuvette",
CG-9,440,CG,"Niari",
CG-BZV,441,CG,"Brazzaville",
CH-AG,442,CH,"Aargau",
CH-AI,443,CH,"Appenzell Innerrhoden",
CH-AR,444,CH,"Appenzell Ausserrhoden",
CH-BE,445,CH,"Bern",
CH-BL,446,CH,"Basel-Landschaft",
CH-BS,447,CH,"Basel-Stadt",
CH-FR,448,CH,"Fribourg",
CH-GE,449,CH,"Geneve",
CH-GL,450,CH,"Glarus",
CH-GR,451,CH,"Graubunden",
CH-JU,452,CH,"Jura",
CH-LU,453,CH,"Luzern",
CH-NE,454,CH,"Neuchatel",
CH-NW,455,CH,"Nidwalden",
CH-OW,456,CH,"Obwalden",
CH-SG,457,CH,"Sankt Gallen",
CH-SH,458,CH,"Schaffhausen",
CH-SO,459,CH,"Solothurn",
CH-SZ,460,CH,"Schwyz",
CH-TG,461,CH,"Thurgau",
CH-TI,462,CH,"Ticino",
CH-UR,463,CH,"Uri",
CH-VD,464,CH,"Vaud",
CH-VS,465,CH,"Valais",
CH-ZG,466,CH,"Zug",
CH-ZH,467,CH,"Zurich",
CI-AB,468,CI,"Abidjan",
CI-BS,469,CI,"Bas-Sassandra",
CI-CM,470,CI,"Comoe",
CI-DN,471,CI,"Denguele",
CI-GD,472,CI,"Goh-Djiboua",
CI-LC,473,CI,"Lacs",
CI-LG,474,CI,"Lagunes",
CI-MG,475,CI,"Montagnes",
CI-SM,476,CI,"Sassandra-Marahoue",
CI-SV,477,CI,"Savanes",
CI-VB,478,CI,"Vallee du Bandama",
CI-WR,479,CI,"Woroba",
CI-YM,480,CI,"Yamoussoukro",
CI-ZZ,481,CI,"Zanzan",
CL-AI,482,CL,"Aisen del General Carlos Ibanez del Campo",
CL-AN,483,CL,"Antofagasta",
CL-AP,484,CL,"Arica y Parinacota",
CL-AR,485,CL,"La Araucania",
CL-AT,486,CL,"Atacama",
CL-BI,487,CL,"Biobio",
CL-CO,488,CL,"Coquimbo",
CL-LI,489,CL,"Libertador General Bernardo O'Higgins",
CL-LL,490,CL,"Los Lagos",
CL-LR,491,CL,"Los Rios",
CL-MA,492,CL,"Magallanes",
CL-ML,493,CL,"Maule",
CL-NB,494,CL,"Nuble",
CL-RM,495,CL,"Region Metropolitana de Santiago",
CL-TA,496,CL,"Tarapaca",
CL-VS,497,CL,"Valparaiso",
CM-AD,498,CM,"Adamaoua",
CM-CE,499,CM,"Centre",
CM-EN,500,CM,"Extreme-Nord",
CM-ES,501,CM,"Est",
CM-LT,502,CM,"Littoral",
CM-NO,503,CM,"Nord",
CM-NW,504,CM,"Nord-Ouest",
CM-OU,505,CM,"Ouest",
CM-SU,506,CM,"Sud",
CM-SW,507,CM,"Sud-Ouest",
CN-AH,508,CN,"Anhui",
CN-BJ,509,CN,"Beijing",
CN-CQ,510,CN,"Chongqing",
CN-FJ,511,CN,"Fujian",
CN-GD,512,CN,"Guangdong",
CN-GS,513,CN,"Gansu",
CN-GX,514,CN,"Guangxi Zhuangzu",
CN-GZ,515,CN,"Guizhou",
CN-HA,516,CN,"Henan",
CN-HB,517,CN,"Hubei",
CN-HE,518,CN,"Hebei",
CN-HI,519,CN,"Hainan",
CN-HL,520,CN,"Heilongjiang",
CN-HN,521,CN,"Hunan",
CN-JL,522,CN,"Jilin",
CN-JS,523,CN,"Jiangsu",
CN-JX,524,CN,"Jiangxi",
CN-LN,525,CN,"Liaoning",
CN-NM,526,CN,"Nei Mongol",
CN-NX,527,CN,"Ningxia Huizu",
CN-QH,528,CN,"Qinghai",
CN-SC,529,CN,"Sichuan",
CN-SD,530,CN,"Shandong",
CN-SH,531,CN,"Shanghai",
CN-SN,532,CN,"Shaanxi",
CN-SX,533,CN,"Shanxi",
CN-TJ,534,CN,"Tianjin",
CN-XJ,535,CN,"Xinjiang Uygur",
CN-XZ,536,CN,"Xizang",
CN-YN,537,CN,"Yunnan",
CN-ZJ,538,CN,"Zhejiang",
CO-AMA,539,CO,"Amazonas",
CO-ANT,540,CO,"Antioquia",
CO-ARA,541,CO,"Arauca",
CO-ATL,542,CO,"Atlantico",
CO-BOL,543,CO,"Bolivar",
CO-BOY,544,CO,"Boyaca",
CO-CAL,545,CO,"Caldas",
CO-CAQ,546,CO,"Caqueta",
CO-CAS,547,CO,"Casanare",
CO-CAU,548,CO,"Cauca",
CO-CES,549,CO,"Cesar",
CO-CHO,550,CO,"Choco",
CO-COR,551,CO,"Cordoba",
CO-CUN,552,CO,"Cundinamarca",
CO-DC,553,CO,"Distrito Capital de Bogota",
CO-GUA,554,CO,"Guainia",
CO-GUV,555,CO,"Guaviare",
CO-HUI,556,CO,"Huila",
CO-LAG,557,CO,"La Guajira",
CO-MAG,558,CO,"Magdalena",
CO-MET,559,CO,"Meta",
CO-NAR,560,CO,"Narino",
CO-NSA,561,CO,"Norte de Santander",
CO-PUT,562,CO,"Putumayo",
CO-QUI,563,CO,"Quindio",
CO-RIS,564,CO,"Risaralda",
CO-SAN,565,CO,"Santander",
CO-SAP,566,CO,"San Andres, Providencia y Santa Catalina",
CO-SUC,567,CO,"Sucre",
CO-TOL,568,CO,"Tolima",
CO-VAC,569,CO,"Valle del Cauca",
CO-VID,570,CO,"Vichada",
CR-A,571,CR,"Alajuela",
CR-C,572,CR,"Cartago",
CR-G,573,CR,"Guanacaste",
CR-H,574,CR,"Heredia",
CR-L,575,CR,"Limon",
CR-P,576,CR,"Puntarenas",
CR-SJ,577,CR,"San Jose",
CU-01,578,CU,"Pinar del Rio",
CU-03,579,CU,"La Habana",
CU-04,580,CU,"Matanzas",
CU-05,581,CU,"Villa Clara",
CU-06,582,CU,"Cienfuegos",
CU-07,583,CU,"Sancti Spiritus",
CU-08,584,CU,"Ciego de Avila",
CU-09,585,CU,"Camaguey",
CU-10,586,CU,"Las Tunas",
CU-11,587,CU,"Holguin",
CU-12,588,CU,"Granma",
CU-13,589,CU,"Santiago de Cuba",
CU-14,590,CU,"Guantanamo",
CU-15,591,CU,"Artemisa",
CU-16,592,CU,"Mayabeque",
CU-99,593,CU,"Isla de la Juventud",
CV-BR,594,CV,"Brava",
CV-BV,595,CV,"Boa Vista",
CV-MO,596,CV,"Mosteiros",
CV-PN,597,CV,"Porto Novo",
CV-PR,598,CV,"Praia",
CV-RS,599,CV,"Ribeira Grande de Santiago",
CV-SL,600,CV,"Sal",
CV-SV,601,CV,"Sao Vicente",
CV-TA,602,CV,"Tarrafal",
CY-01,603,CY,"Lefkosia",
CY-02,604,CY,"Lemesos",
CY-03,605,CY,"Larnaka",
CY-04,606,CY,"Ammochostos",
CY-05,607,CY,"Pafos",
CY-06,608,CY,"Keryneia",
CZ-10,609,CZ,"Praha, Hlavni mesto",
CZ-20,610,CZ,"Stredocesky kraj",
CZ-31,611,CZ,"Jihocesky kraj",
CZ-32,612,CZ,"Plzensky kraj",
CZ-41,613,CZ,"Karlovarsky kraj",
CZ-42,614,CZ,"Ustecky kraj",
CZ-51,615,CZ,"Liberecky kraj",
CZ-52,616,CZ,"Kralovehradecky kraj",
CZ-53,617,CZ,"Pardubicky kraj",
CZ-63,618,CZ,"Kraj Vysocina",
CZ-64,619,CZ,"Jihomoravsky kraj",
CZ-71,620,CZ,"Olomoucky kraj",
CZ-72,621,CZ,"Zlinsky kraj",
CZ-80,622,CZ,"Moravskoslezsky kraj",
DE-BB,623,DE,"Brandenburg",
DE-BE,624,DE,"Berlin",
DE-BW,625,DE,"Baden-Wurttemberg",
DE-BY,626,DE,"Bayern",
DE-HB,627,DE,"Bremen",
DE-HE,628,DE,"Hessen",
DE-HH,629,DE,"Hamburg",
DE-MV,630,DE,"Mecklenburg-Vorpommern",
DE-NI,631,DE,"Niedersachsen",
DE-NW,632,DE,"Nordrhein-Westfalen",
DE-RP,633,DE,"Rheinland-Pfalz",
DE-SH,634,DE,"Schleswig-Holstein",
DE-SL,635,DE,"Saarland",
DE-SN,636,DE,"Sachsen",
DE-ST,637,DE,"Sachsen-Anhalt",
DE-TH,638,DE,"Thuringen",
DJ-AR,639,DJ,"Arta",
DJ-DI,640,DJ,"Dikhil",
DJ-DJ,641,DJ,"Djibouti",
DK-81,642,DK,"Nordjylland",
DK-82,643,DK,"Midtjylland",
DK-83,644,DK,"Syddanmark",
DK-84,645,DK,"Hovedstaden",
DK-85,646,DK,"Sjaelland",
DM-02,647,DM,"Saint Andrew",
DM-04,648,DM,"Saint George",
DM-05,649,DM,"Saint John",
DM-06,650,DM,"Saint Joseph",
DM-07,651,DM,"Saint Luke",
DM-09,652,DM,"Saint Patrick",
DM-10,653,DM,"Saint Paul",
DO-01,654,DO,"Distrito Nacional (Santo Domingo)",
DO-02,655,DO,"Azua",
DO-03,656,DO,"Baoruco",
DO-04,657,DO,"Barahona",
DO-05,658,DO,"Dajabon",
DO-06,659,DO,"Duarte",
DO-07,660,DO,"Elias Pina",
DO-08,661,DO,"El Seibo",
DO-09,662,DO,"Espaillat",
DO-10,663,DO,"Independencia",
DO-11,664,DO,"La Altagracia",
DO-12,665,DO,"La Romana",
DO-13,666,DO,"La Vega",
DO-14,667,DO,"Maria Trinidad Sanchez",
DO-15,668,DO,"Monte Cristi",
DO-17,669,DO,"Peravia",
DO-18,670,DO,"Puerto Plata",
DO-19,671,DO,"Hermanas Mirabal",
DO-20,672,DO,"Samana",
DO-21,673,DO,"San Cristobal",
DO-22,674,DO,"San Juan",
DO-23,675,DO,"San Pedro de Macoris",
DO-24,676,DO,"Sanchez Ramirez",
DO-25,677,DO,"Santiago",
DO-26,678,DO,"Santiago Rodriguez",
DO-27,679,DO,"Valverde",
DO-28,680,DO,"Monsenor Nouel",
DO-29,681,DO,"Monte Plata",
DO-30,682,DO,"Hato Mayor",
DO-31,683,DO,"San Jose de Ocoa",
DZ-01,684,DZ,"Adrar",
DZ-02,685,DZ,"Chlef",
DZ-03,686,DZ,"Laghouat",
DZ-04,687,DZ,"Oum el Bouaghi",
DZ-05,688,DZ,"Batna",
DZ-06,689,DZ,"Bejaia",
DZ-07,690,DZ,"Biskra",
DZ-08,691,DZ,"Bechar",
DZ-09,692,DZ,"Blida",
DZ-10,693,DZ,"Bouira",
DZ-11,694,DZ,"Tamanrasset",
DZ-12,695,DZ,"Tebessa",
DZ-13,696,DZ,"Tlemcen",
DZ-14,697,DZ,"Tiaret",
DZ-15,698,DZ,"Tizi Ouzou",
DZ-16,699,DZ,"Alger",
DZ-17,700,DZ,"Djelfa",
DZ-18,701,DZ,"Jijel",
DZ-19,702,DZ,"Setif",
DZ-20,703,DZ,"Saida",
DZ-21,704,DZ,"Skikda",
DZ-22,705,DZ,"Sidi Bel Abbes",
DZ-23,706,DZ,"Annaba",
DZ-24,707,DZ,"Guelma",
DZ-25,708,DZ,"Constantine",
DZ-26,709,DZ,"Medea",
DZ-27,710,DZ,"Mostaganem",
DZ-28,711,DZ,"M'sila",
DZ-29,712,DZ,"Mascara",
DZ-30,713,DZ,"Ouargla",
DZ-31,714,DZ,"Oran",
DZ-32,715,DZ,"El Bayadh",
DZ-33,716,DZ,"Illizi",
DZ-34,717,DZ,"Bordj Bou Arreridj",
DZ-35,718,DZ,"Boumerdes",
DZ-36,719,DZ,"El Tarf",
DZ-37,720,DZ,"Tindouf",
DZ-38,721,DZ,"Tissemsilt",
DZ-39,722,DZ,"El Oued",
DZ-40,723,DZ,"Khenchela",
DZ-41,724,DZ,"Souk Ahras",
DZ-42,725,DZ,"Tipaza",
DZ-43,726,DZ,"Mila",
DZ-44,727,DZ,"Ain Defla",
DZ-45,728,DZ,"Naama",
DZ-46,729,DZ,"Ain Temouchent",
DZ-47,730,DZ,"Ghardaia",
DZ-48,731,DZ,"Relizane",
DZ-49,732,DZ,"Timimoun",
DZ-51,733,DZ,"Ouled Djellal",
DZ-53,734,DZ,"In Salah",
DZ-55,735,DZ,"Touggourt",
DZ-56,736,DZ,"Djanet",
DZ-57,737,DZ,"El Meghaier",
EC-A,738,EC,"Azuay",
EC-B,739,EC,"Bolivar",
EC-C,740,EC,"Carchi",
EC-D,741,EC,"Orellana",
EC-E,742,EC,"Esmeraldas",
EC-F,743,EC,"Canar",
EC-G,744,EC,"Guayas",
EC-H,745,EC,"Chimborazo",
EC-I,746,EC,"Imbabura",
EC-L,747,EC,"Loja",
EC-M,748,EC,"Manabi",
EC-N,749,EC,"Napo",
EC-O,750,EC,"El Oro",
EC-P,751,EC,"Pichincha",
EC-R,752,EC,"Los Rios",
EC-S,753,EC,"Morona Santiago",
EC-SD,754,EC,"Santo Domingo de los Tsachilas",
EC-SE,755,EC,"Santa Elena",
EC-T,756,EC,"Tungurahua",
EC-U,757,EC,"Sucumbios",
EC-W,758,EC,"Galapagos",
EC-X,759,EC,"Cotopaxi",
EC-Y,760,EC,"Pastaza",
EC-Z,761,EC,"Zamora Chinchipe",
EE-37,762,EE,"Harjumaa",
EE-39,763,EE,"Hiiumaa",
EE-45,764,EE,"Ida-Virumaa",
EE-50,765,EE,"Jogevamaa",
EE-52,766,EE,"Jarvamaa",
EE-56,767,EE,"Laanemaa",
EE-60,768,EE,"Laane-Virumaa",
EE-64,769,EE,"Polvamaa",
EE-68,770,EE,"Parnumaa",
EE-71,771,EE,"Raplamaa",
EE-74,772,EE,"Saaremaa",
EE-79,773,EE,"Tartumaa",
EE-81,774,EE,"Valgamaa",
EE-84,775,EE,"Viljandimaa",
EE-87,776,EE,"Vorumaa",
EG-ALX,777,EG,"Al Iskandariyah",
EG-ASN,778,EG,"Aswan",
EG-AST,779,EG,"Asyut",
EG-BA,780,EG,"Al Bahr al Ahmar",
EG-BH,781,EG,"Al Buhayrah",
EG-BNS,782,EG,"Bani Suwayf",
EG-C,783,EG,"Al Qahirah",
EG-DK,784,EG,"Ad Daqahliyah",
EG-DT,785,EG,"Dumyat",
EG-FYM,786,EG,"Al Fayyum",
EG-GH,787,EG,"Al Gharbiyah",
EG-GZ,788,EG,"Al Jizah",
EG-IS,789,EG,"Al Isma'iliyah",
EG-JS,790,EG,"Janub Sina'",
EG-KB,791,EG,"Al Qalyubiyah",
EG-KFS,792,EG,"Kafr ash Shaykh",
EG-KN,793,EG,"Qina",
EG-LX,794,EG,"Al Uqsur",
EG-MN,795,EG,"Al Minya",
EG-MNF,796,EG,"Al Minufiyah",
EG-MT,797,EG,"Matruh",
EG-PTS,798,EG,"Bur Sa'id",
EG-SHG,799,EG,"Suhaj",
EG-SHR,800,EG,"Ash Sharqiyah",
EG-SIN,801,EG,"Shamal Sina'",
EG-SUZ,802,EG,"As Suways",
EG-WAD,803,EG,"Al Wadi al Jadid",
ER-GB,804,ER,"Qash-Barkah",
ER-MA,805,ER,"Al Awsat",
ET-AA,806,ET,"Addis Ababa",
ET-AF,807,ET,"Afar",
ET-AM,808,ET,"Amara",
ET-BE,809,ET,"Benshangul-Gumaz",
ET-DD,810,ET,"Dire Dawa",
ET-HA,811,ET,"Harari People",
ET-OR,812,ET,"Oromia",
ET-SN,813,ET,"Southern Nations, Nationalities and Peoples",
ET-SO,814,ET,"Somali",
ET-TI,815,ET,"Tigrai",
FI-02,816,FI,"Etela-Karjala",
FI-03,817,FI,"Etela-Pohjanmaa",
FI-04,818,FI,"Etela-Savo",
FI-05,819,FI,"Kainuu",
FI-06,820,FI,"Kanta-Hame",
FI-07,821,FI,"Keski-Pohjanmaa",
FI-08,822,FI,"Keski-Suomi",
FI-09,823,FI,"Kymenlaakso",
FI-10,824,FI,"Lappi",
FI-11,825,FI,"Pirkanmaa",
FI-12,826,FI,"Pohjanmaa",
FI-13,827,FI,"Pohjois-Karjala",
FI-14,828,FI,"Pohjois-Pohjanmaa",
FI-15,829,FI,"Pohjois-Savo",
FI-16,830,FI,"Paijat-Hame",
FI-17,831,FI,"Satakunta",
FI-18,832,FI,"Uusimaa",
FI-19,833,FI,"Varsinais-Suomi",
FJ-C,834,FJ,"Central",
FJ-E,835,FJ,"Eastern",
FJ-N,836,FJ,"Northern",
FJ-R,837,FJ,"Rotuma",
FJ-W,838,FJ,"Western",
FM-KSA,839,FM,"Kosrae",
FM-PNI,840,FM,"Pohnpei",
FM-TRK,841,FM,"Chuuk",
FM-YAP,842,FM,"Yap",
FR-20R,843,FR,"Corse",
FR-ARA,844,FR,"Auvergne-Rhone-Alpes",
FR-BFC,845,FR,"Bourgogne-Franche-Comte",
FR-BRE,846,FR,"Bretagne",
FR-CVL,847,FR,"Centre-Val de Loire",
FR-GES,848,FR,"Grand-Est",
FR-HDF,849,FR,"Hauts-de-France",
FR-IDF,850,FR,"Ile-de-France",
FR-NAQ,851,FR,"Nouvelle-Aquitaine",
FR-NOR,852,FR,"Normandie",
FR-OCC,853,FR,"Occitanie",
FR-PAC,854,FR,"Provence-Alpes-Cote-d'Azur",
FR-PDL,855,FR,"Pays-de-la-Loire",
GA-1,856,GA,"Estuaire",
GA-2,857,GA,"Haut-Ogooue",
GA-3,858,GA,"Moyen-Ogooue",
GA-4,859,GA,"Ngounie",
GA-5,860,GA,"Nyanga",
GA-7,861,GA,"Ogooue-Lolo",
GA-8,862,GA,"Ogooue-Maritime",
GA-9,863,GA,"Woleu-Ntem",
GB-ENG,864,GB,"England",
GB-NIR,865,GB,"Northern Ireland",
GB-SCT,866,GB,"Scotland",
GB-WLS,867,GB,"Wales",
GD-01,868,GD,"Saint Andrew",
GD-02,869,GD,"Saint David",
GD-03,870,GD,"Saint George",
GD-04,871,GD,"Saint John",
GD-05,872,GD,"Saint Mark",
GD-06,873,GD,"Saint Patrick",
GD-10,874,GD,"Southern Grenadine Islands",
GE-AB,875,GE,"Abkhazia",
GE-AJ,876,GE,"Ajaria",
GE-GU,877,GE,"Guria",
GE-IM,878,GE,"Imereti",
GE-KA,879,GE,"K'akheti",
GE-KK,880,GE,"Kvemo Kartli",
GE-MM,881,GE,"Mtskheta-Mtianeti",
GE-RL,882,GE,"Rach'a-Lechkhumi-Kvemo Svaneti",
GE-SJ,883,GE,"Samtskhe-Javakheti",
GE-SK,884,GE,"Shida Kartli",
GE-SZ,885,GE,"Samegrelo-Zemo Svaneti",
GE-TB,886,GE,"Tbilisi",
GH-AA,887,GH,"Greater Accra",
GH-AF,888,GH,"Ahafo",
GH-AH,889,GH,"Ashanti",
GH-BE,890,GH,"Bono East",
GH-BO,891,GH,"Bono",
GH-CP,892,GH,"Central",
GH-EP,893,GH,"Eastern",
GH-NP,894,GH,"Northern",
GH-TV,895,GH,"Volta",
GH-UE,896,GH,"Upper East",
GH-UW,897,GH,"Upper West",
GH-WP,898,GH,"Western",
GL-AV,899,GL,"Avannaata Kommunia",
GL-KU,900,GL,"Kommune Kujalleq",
GL-QE,901,GL,"Qeqqata Kommunia",
GL-QT,902,GL,"Kommune Qeqertalik",
GL-SM,903,GL,"Kommuneqarfik Sermersooq",
GM-B,904,GM,"Banjul",
GM-L,905,GM,"Lower River",
GM-M,906,GM,"Central River",
GM-N,907,GM,"North Bank",
GM-W,908,GM,"Western",
GN-BF,909,GN,"Boffa",
GN-BK,910,GN,"Boke",
GN-C,911,GN,"Conakry",
GN-DB,912,GN,"Dabola",
GN-DI,913,GN,"Dinguiraye",
GN-DL,914,GN,"Dalaba",
GN-FR,915,GN,"Fria",
GN-KA,916,GN,"Kankan",
GN-KD,917,GN,"Kindia",
GN-KO,918,GN,"Kouroussa",
GN-LA,919,GN,"Labe",
GN-SI,920,GN,"Siguiri",
GQ-BN,921,GQ,"Bioko Norte",
GQ-CS,922,GQ,"Centro Sur",
GQ-KN,923,GQ,"Kie-Ntem",
GQ-LI,924,GQ,"Litoral",
GQ-WN,925,GQ,"Wele-Nzas",
GR-A,926,GR,"Anatoliki Makedonia kai Thraki",
GR-B,927,GR,"Kentriki Makedonia",
GR-C,928,GR,"Dytiki Makedonia",
GR-D,929,GR,"Ipeiros",
GR-E,930,GR,"Thessalia",
GR-F,931,GR,"Ionia Nisia",
GR-G,932,GR,"Dytiki Ellada",
GR-H,933,GR,"Sterea Ellada",
GR-I,934,GR,"Attiki",
GR-J,935,GR,"Peloponnisos",
GR-K,936,GR,"Voreio Aigaio",
GR-L,937,GR,"Notio Aigaio",
GR-M,938,GR,"Kriti",
GT-01,939,GT,"Guatemala",
GT-02,940,GT,"El Progreso",
GT-03,941,GT,"Sacatepequez",
GT-04,942,GT,"Chimaltenango",
GT-05,943,GT,"Escuintla",
GT-06,944,GT,"Santa Rosa",
GT-07,945,GT,"Solola",
GT-08,946,GT,"Totonicapan",
GT-09,947,GT,"Quetzaltenango",
GT-10,948,GT,"Suchitepequez",
GT-11,949,GT,"Retalhuleu",
GT-12,950,GT,"San Marcos",
GT-13,951,GT,"Huehuetenango",
GT-14,952,GT,"Quiche",
GT-15,953,GT,"Baja Verapaz",
GT-16,954,GT,"Alta Verapaz",
GT-17,955,GT,"Peten",
GT-18,956,GT,"Izabal",
GT-19,957,GT,"Zacapa",
GT-20,958,GT,"Chiquimula",
GT-21,959,GT,"Jalapa",
GT-22,960,GT,"Jutiapa",
GW-BA,961,GW,"Bafata",
GW-BS,962,GW,"Bissau",
GW-CA,963,GW,"Cacheu",
GW-GA,964,GW,"Gabu",
GW-OI,965,GW,"Oio",
GW-QU,966,GW,"Quinara",
GY-BA,967,GY,"Barima-Waini",
GY-CU,968,GY,"Cuyuni-Mazaruni",
GY-DE,969,GY,"Demerara-Mahaica",
GY-EB,970,GY,"East Berbice-Corentyne",
GY-ES,971,GY,"Essequibo Islands-West Demerara",
GY-MA,972,GY,"Mahaica-Berbice",
GY-PM,973,GY,"Pomeroon-Supenaam",
GY-UD,974,GY,"Upper Demerara-Berbice",
HN-AT,975,HN,"Atlantida",
HN-CH,976,HN,"Choluteca",
HN-CL,977,HN,"Colon",
HN-CM,978,HN,"Comayagua",
HN-CP,979,HN,"Copan",
HN-CR,980,HN,"Cortes",
HN-EP,981,HN,"El Paraiso",
HN-FM,982,HN,"Francisco Morazan",
HN-GD,983,HN,"Gracias a Dios",
HN-IB,984,HN,"Islas de la Bahia",
HN-IN,985,HN,"Intibuca",
HN-LE,986,HN,"Lempira",
HN-LP,987,HN,"La Paz",
HN-OC,988,HN,"Ocotepeque",
HN-OL,989,HN,"Olancho",
HN-SB,990,HN,"Santa Barbara",
HN-VA,991,HN,"Valle",
HN-YO,992,HN,"Yoro",
HR-01,993,HR,"Zagrebacka zupanija",
HR-02,994,HR,"Krapinsko-zagorska zupanija",
HR-03,995,HR,"Sisacko-moslavacka zupanija",
HR-04,996,HR,"Karlovacka zupanija",
HR-05,997,HR,"Varazdinska zupanija",
HR-06,998,HR,"Koprivnicko-krizevacka zupanija",
HR-07,999,HR,"Bjelovarsko-bilogorska zupanija",
HR-08,1000,HR,"Primorsko-goranska zupanija",
HR-09,1001,HR,"Licko-senjska zupanija",
HR-10,1002,HR,"Viroviticko-podravska zupanija",
HR-11,1003,HR,"Pozesko-slavonska zupanija",
HR-12,1004,HR,"Brodsko-posavska zupanija",
HR-13,1005,HR,"Zadarska zupanija",
HR-14,1006,HR,"Osjecko-baranjska zupanija",
HR-15,1007,HR,"Sibensko-kninska zupanija",
HR-16,1008,HR,"Vukovarsko-srijemska zupanija",
HR-17,1009,HR,"Splitsko-dalmatinska zupanija",
HR-18,1010,HR,"Istarska zupanija",
HR-19,1011,HR,"Dubrovacko-neretvanska zupanija",
HR-20,1012,HR,"Medimurska zupanija",
HR-21,1013,HR,"Grad Zagreb",
HT-AR,1014,HT,"Artibonite",
HT-CE,1015,HT,"Centre",
HT-GA,1016,HT,"Grande'Anse",
HT-ND,1017,HT,"Nord",
HT-NI,1018,HT,"Nippes",
HT-NO,1019,HT,"Nord-Ouest",
HT-OU,1020,HT,"Ouest",
HT-SD,1021,HT,"Sud",
HT-SE,1022,HT,"Sud-Est",
HU-BA,1023,HU,"Baranya",
HU-BE,1024,HU,"Bekes",
HU-BK,1025,HU,"Bacs-Kiskun",
HU-BU,1026,HU,"Budapest",
HU-BZ,1027,HU,"Borsod-Abauj-Zemplen",
HU-CS,1028,HU,"Csongrad-Csanad",
HU-FE,1029,HU,"Fejer",
HU-GS,1030,HU,"Gyor-Moson-Sopron",
HU-HB,1031,HU,"Hajdu-Bihar",
HU-HE,1032,HU,"Heves",
HU-JN,1033,HU,"Jasz-Nagykun-Szolnok",
HU-KE,1034,HU,"Komarom-Esztergom",
HU-NO,1035,HU,"Nograd",
HU-PE,1036,HU,"Pest",
HU-SO,1037,HU,"Somogy",
HU-SZ,1038,HU,"Szabolcs-Szatmar-Bereg",
HU-TO,1039,HU,"Tolna",
HU-VA,1040,HU,"Vas",
HU-VE,1041,HU,"Veszprem",
HU-ZA,1042,HU,"Zala",
ID-AC,1043,ID,"Aceh",
ID-BA,1044,ID,"Bali",
ID-BB,1045,ID,"Kepulauan Bangka Belitung",
ID-BE,1046,ID,"Bengkulu",
ID-BT,1047,ID,"Banten",
ID-GO,1048,ID,"Gorontalo",
ID-JA,1049,ID,"Jambi",
ID-JB,1050,ID,"Jawa Barat",
ID-JI,1051,ID,"Jawa Timur",
ID-JK,1052,ID,"Jakarta Raya",
ID-JT,1053,ID,"Jawa Tengah",
ID-KB,1054,ID,"Kalimantan Barat",
ID-KI,1055,ID,"Kalimantan Timur",
ID-KR,1056,ID,"Kepulauan Riau",
ID-KS,1057,ID,"Kalimantan Selatan",
ID-KT,1058,ID,"Kalimantan Tengah",
ID-KU,1059,ID,"Kalimantan Utara",
ID-LA,1060,ID,"Lampung",
ID-ML,1061,ID,"Maluku",
ID-MU,1062,ID,"Maluku Utara",
ID-NB,1063,ID,"Nusa Tenggara Barat",
ID-NT,1064,ID,"Nusa Tenggara Timur",
ID-PB,1065,ID,"Papua Barat",
ID-PE,1066,ID,"Papua Pengunungan",
ID-PP,1067,ID,"Papua",
ID-PS,1068,ID,"Papua Selatan",
ID-PT,1069,ID,"Papua Tengah",
ID-RI,1070,ID,"Riau",
ID-SA,1071,ID,"Sulawesi Utara",
ID-SB,1072,ID,"Sumatera Barat",
ID-SG,1073,ID,"Sulawesi Tenggara",
ID-SN,1074,ID,"Sulawesi Selatan",
ID-SR,1075,ID,"Sulawesi Barat",
ID-SS,1076,ID,"Sumatera Selatan",
ID-ST,1077,ID,"Sulawesi Tengah",
ID-SU,1078,ID,"Sumatera Utara",
ID-YO,1079,ID,"Yogyakarta",
IE-CE,1080,IE,"Clare",
IE-CN,1081,IE,"Cavan",
IE-CO,1082,IE,"Cork",
IE-CW,1083,IE,"Carlow",
IE-D,1084,IE,"Dublin",
IE-DL,1085,IE,"Donegal",
IE-G,1086,IE,"Galway",
IE-KE,1087,IE,"Kildare",
IE-KK,1088,IE,"Kilkenny",
IE-KY,1089,IE,"Kerry",
IE-LD,1090,IE,"Longford",
IE-LH,1091,IE,"Louth",
IE-LK,1092,IE,"Limerick",
IE-LM,1093,IE,"Leitrim",
IE-LS,1094,IE,"Laois",
IE-MH,1095,IE,"Meath",
IE-MN,1096,IE,"Monaghan",
IE-MO,1097,IE,"Mayo",
IE-OY,1098,IE,"Offaly",
IE-RN,1099,IE,"Roscommon",
IE-SO,1100,IE,"Sligo",
IE-TA,1101,IE,"Tipperary",
IE-WD,1102,IE,"Waterford",
IE-WH,1103,IE,"Westmeath",
IE-WW,1104,IE,"Wicklow",
IE-WX,1105,IE,"Wexford",
IL-D,1106,IL,"HaDarom",
IL-HA,1107,IL,"Hefa",
IL-JM,1108,IL,"Yerushalayim",
IL-M,1109,IL,"HaMerkaz",
IL-TA,1110,IL,"Tel Aviv",
IL-Z,1111,IL,"HaTsafon",
IN-AN,1112,IN,"Andaman and Nicobar Islands",
IN-AP,1113,IN,"Andhra Pradesh",
IN-AR,1114,IN,"Arunachal Pradesh",
IN-AS,1115,IN,"Assam",
IN-BR,1116,IN,"Bihar",
IN-CH,1117,IN,"Chandigarh",
IN-CT,1118,IN,"Chhattisgarh",
IN-DH,1119,IN,"Dadra and Nagar Haveli and Daman and Diu",
IN-DL,1120,IN,"Delhi",
IN-DN,1121,IN,"Dadra and Nagar Haveli",
IN-GA,1122,IN,"Goa",
IN-GJ,1123,IN,"Gujarat",
IN-HP,1124,IN,"Himachal Pradesh",
IN-HR,1125,IN,"Haryana",
IN-JH,1126,IN,"Jharkhand",
IN-JK,1127,IN,"Jammu and Kashmir",
IN-KA,1128,IN,"Karnataka",
IN-KL,1129,IN,"Kerala",
IN-LD,1130,IN,"Lakshadweep",
IN-MH,1131,IN,"Maharashtra",
IN-ML,1132,IN,"Meghalaya",
IN-MN,1133,IN,"Manipur",
IN-MP,1134,IN,"Madhya Pradesh",
IN-MZ,1135,IN,"Mizoram",
IN-NL,1136,IN,"Nagaland",
IN-OR,1137,IN,"Odisha",
IN-PB,1138,IN,"Punjab",
IN-PY,1139,IN,"Puducherry",
IN-RJ,1140,IN,"Rajasthan",
IN-SK,1141,IN,"Sikkim",
IN-TG,1142,IN,"Telangana",
IN-TN,1143,IN,"Tamil Nadu",
IN-TR,1144,IN,"Tripura",
IN-UP,1145,IN,"Uttar Pradesh",
IN-UT,1146,IN,"Uttarakhand",
IN-WB,1147,IN,"West Bengal",
IQ-AN,1148,IQ,"Al Anbar",
IQ-AR,1149,IQ,"Arbil",
IQ-BA,1150,IQ,"Al Basrah",
IQ-BB,1151,IQ,"Babil",
IQ-BG,1152,IQ,"Baghdad",
IQ-DA,1153,IQ,"Dahuk",
IQ-DI,1154,IQ,"Diyala",
IQ-DQ,1155,IQ,"Dhi Qar",
IQ-KA,1156,IQ,"Karbala'",
IQ-KI,1157,IQ,"Kirkuk",
IQ-MA,1158,IQ,"Maysan",
IQ-MU,1159,IQ,"Al Muthanna",
IQ-NA,1160,IQ,"An Najaf",
IQ-NI,1161,IQ,"Ninawa",
IQ-QA,1162,IQ,"Al Qadisiyah",
IQ-SD,1163,IQ,"Salah ad Din",
IQ-SU,1164,IQ,"As Sulaymaniyah",
IQ-WA,1165,IQ,"Wasit",
IR-00,1166,IR,"Markazi",
IR-01,1167,IR,"Gilan",
IR-02,1168,IR,"Mazandaran",
IR-03,1169,IR,"Azarbayjan-e Sharqi",
IR-04,1170,IR,"Azarbayjan-e Gharbi",
IR-05,1171,IR,"Kermanshah",
IR-06,1172,IR,"Khuzestan",
IR-07,1173,IR,"Fars",
IR-08,1174,IR,"Kerman",
IR-09,1175,IR,"Khorasan-e Razavi",
IR-10,1176,IR,"Esfahan",
IR-11,1177,IR,"Sistan va Baluchestan",
IR-12,1178,IR,"Kordestan",
IR-13,1179,IR,"Hamadan",
IR-14,1180,IR,"Chahar Mahal va Bakhtiari",
IR-15,1181,IR,"Lorestan",
IR-16,1182,IR,"Ilam",
IR-17,1183,IR,"Kohgiluyeh va Bowyer Ahmad",
IR-18,1184,IR,"Bushehr",
IR-19,1185,IR,"Zanjan",
IR-20,1186,IR,"Semnan",
IR-21,1187,IR,"Yazd",
IR-22,1188,IR,"Hormozgan",
IR-23,1189,IR,"Tehran",
IR-24,1190,IR,"Ardabil",
IR-25,1191,IR,"Qom",
IR-26,1192,IR,"Qazvin",
IR-27,1193,IR,"Golestan",
IR-28,1194,IR,"Khorasan-e Shomali",
IR-29,1195,IR,"Khorasan-e Jonubi",
IR-30,1196,IR,"Alborz",
IS-1,1197,IS,"Hofudborgarsvaedi",
IS-2,1198,IS,"Sudurnes",
IS-3,1199,IS,"Vesturland",
IS-4,1200,IS,"Vestfirdir",
IS-5,1201,IS,"Nordurland vestra",
IS-6,1202,IS,"Nordurland eystra",
IS-7,1203,IS,"Austurland",
IS-8,1204,IS,"Sudurland",
IT-21,1205,IT,"Piemonte",
IT-23,1206,IT,"Valle d'Aosta",
IT-25,1207,IT,"Lombardia",
IT-32,1208,IT,"Trentino-Alto Adige",
IT-34,1209,IT,"Veneto",
IT-36,1210,IT,"Friuli-Venezia Giulia",
IT-42,1211,IT,"Liguria",
IT-45,1212,IT,"Emilia-Romagna",
IT-52,1213,IT,"Toscana",
IT-55,1214,IT,"Umbria",
IT-57,1215,IT,"Marche",
IT-62,1216,IT,"Lazio",
IT-65,1217,IT,"Abruzzo",
IT-67,1218,IT,"Molise",
IT-72,1219,IT,"Campania",
IT-75,1220,IT,"Puglia",
IT-77,1221,IT,"Basilicata",
IT-78,1222,IT,"Calabria",
IT-82,1223,IT,"Sicilia",
IT-88,1224,IT,"Sardegna",
JM-01,1225,JM,"Kingston",
JM-02,1226,JM,"Saint Andrew",
JM-03,1227,JM,"Saint Thomas",
JM-04,1228,JM,"Portland",
JM-05,1229,JM,"Saint Mary",
JM-06,1230,JM,"Saint Ann",
JM-07,1231,JM,"Trelawny",
JM-08,1232,JM,"Saint James",
JM-09,1233,JM,"Hanover",
JM-10,1234,JM,"Westmoreland",
JM-11,1235,JM,"Saint Elizabeth",
JM-12,1236,JM,"Manchester",
JM-13,1237,JM,"Clarendon",
JM-14,1238,JM,"Saint Catherine",
JO-AJ,1239,JO,"'Ajlun",
JO-AM,1240,JO,"Al 'Asimah",
JO-AQ,1241,JO,"Al 'Aqabah",
JO-AT,1242,JO,"At Tafilah",
JO-AZ,1243,JO,"Az Zarqa'",
JO-BA,1244,JO,"Al Balqa'",
JO-IR,1245,JO,"Irbid",
JO-JA,1246,JO,"Jarash",
JO-KA,1247,JO,"Al Karak",
JO-MA,1248,JO,"Al Mafraq",
JO-MD,1249,JO,"Madaba",
JO-MN,1250,JO,"Ma'an",
JP-01,1251,JP,"Hokkaido",
JP-02,1252,JP,"Aomori",
JP-03,1253,JP,"Iwate",
JP-04,1254,JP,"Miyagi",
JP-05,1255,JP,"Akita",
JP-06,1256,JP,"Yamagata",
JP-07,1257,JP,"Fukushima",
JP-08,1258,JP,"Ibaraki",
JP-09,1259,JP,"Tochigi",
JP-10,1260,JP,"Gunma",
JP-11,1261,JP,"Saitama",
JP-12,1262,JP,"Chiba",
JP-13,1263,JP,"Tokyo",
JP-14,1264,JP,"Kanagawa",
JP-15,1265,JP,"Niigata",
JP-16,1266,JP,"Toyama",
JP-17,1267,JP,"Ishikawa",
JP-18,1268,JP,"Fukui",
JP-19,1269,JP,"Yamanashi",
JP-20,1270,JP,"Nagano",
JP-21,1271,JP,"Gifu",
JP-22,1272,JP,"Shizuoka",
JP-23,1273,JP,"Aichi",
JP-24,1274,JP,"Mie",
JP-25,1275,JP,"Shiga",
JP-26,1276,JP,"Kyoto",
JP-27,1277,JP,"Osaka",
JP-28,1278,JP,"Hyogo",
JP-29,1279,JP,"Nara",
JP-30,1280,JP,"Wakayama",
JP-31,1281,JP,"Tottori",
JP-32,1282,JP,"Shimane",
JP-33,1283,JP,"Okayama",
JP-34,1284,JP,"Hiroshima",
JP-35,1285,JP,"Yamaguchi",
JP-36,1286,JP,"Tokushima",
JP-37,1287,JP,"Kagawa",
JP-38,1288,JP,"Ehime",
JP-39,1289,JP,"Kochi",
JP-40,1290,JP,"Fukuoka",
JP-41,1291,JP,"Saga",
JP-42,1292,JP,"Nagasaki",
JP-43,1293,JP,"Kumamoto",
JP-44,1294,JP,"Oita",
JP-45,1295,JP,"Miyazaki",
JP-46,1296,JP,"Kagoshima",
JP-47,1297,JP,"Okinawa",
KE-01,1298,KE,"Baringo",
KE-02,1299,KE,"Bomet",
KE-03,1300,KE,"Bungoma",
KE-04,1301,KE,"Busia",
KE-05,1302,KE,"Elgeyo/Marakwet",
KE-06,1303,KE,"Embu",
KE-07,1304,KE,"Garissa",
KE-08,1305,KE,"Homa Bay",
KE-09,1306,KE,"Isiolo",
KE-10,1307,KE,"Kajiado",
KE-11,1308,KE,"Kakamega",
KE-12,1309,KE,"Kericho",
KE-13,1310,KE,"Kiambu",
KE-14,1311,KE,"Kilifi",
KE-15,1312,KE,"Kirinyaga",
KE-16,1313,KE,"Kisii",
KE-17,1314,KE,"Kisumu",
KE-18,1315,KE,"Kitui",
KE-19,1316,KE,"Kwale",
KE-20,1317,KE,"Laikipia",
KE-21,1318,KE,"Lamu",
KE-22,1319,KE,"Machakos",
KE-23,1320,KE,"Makueni",
KE-24,1321,KE,"Mandera",
KE-25,1322,KE,"Marsabit",
KE-26,1323,KE,"Meru",
KE-27,1324,KE,"Migori",
KE-28,1325,KE,"Mombasa",
KE-29,1326,KE,"Murang'a",
KE-30,1327,KE,"Nairobi City",
KE-31,1328,KE,"Nakuru",
KE-32,1329,KE,"Nandi",
KE-33,1330,KE,"Narok",
KE-34,1331,KE,"Nyamira",
KE-35,1332,KE,"Nyandarua",
KE-36,1333,KE,"Nyeri",
KE-37,1334,KE,"Samburu",
KE-38,1335,KE,"Siaya",
KE-39,1336,KE,"Taita/Taveta",
KE-40,1337,KE,"Tana River",
KE-41,1338,KE,"Tharaka-Nithi",
KE-42,1339,KE,"Trans Nzoia",
KE-43,1340,KE,"Turkana",
KE-44,1341,KE,"Uasin Gishu",
KE-45,1342,KE,"Vihiga",
KE-46,1343,KE,"Wajir",
KE-47,1344,KE,"West Pokot",
KG-B,1345,KG,"Batken",
KG-C,1346,KG,"Chuy",
KG-GB,1347,KG,"Bishkek Shaary",
KG-GO,1348,KG,"Osh Shaary",
KG-J,1349,KG,"Jalal-Abad",
KG-N,1350,KG,"Naryn",
KG-T,1351,KG,"Talas",
KG-Y,1352,KG,"Ysyk-Kol",
KH-1,1353,KH,"Banteay Mean Choay",
KH-10,1354,KH,"Kracheh",
KH-11,1355,KH,"Mondol Kiri",
KH-12,1356,KH,"Phnom Penh",
KH-13,1357,KH,"Preah Vihear",
KH-14,1358,KH,"Prey Veaeng",
KH-16,1359,KH,"Rotanak Kiri",
KH-17,1360,KH,"Siem Reab",
KH-18,1361,KH,"Preah Sihanouk",
KH-19,1362,KH,"Stueng Traeng",
KH-2,1363,KH,"Baat Dambang",
KH-20,1364,KH,"Svaay Rieng",
KH-21,1365,KH,"Taakaev",
KH-23,1366,KH,"Kaeb",
KH-24,1367,KH,"Pailin",
KH-3,1368,KH,"Kampong Chaam",
KH-4,1369,KH,"Kampong Chhnang",
KH-5,1370,KH,"Kampong Spueu",
KH-6,1371,KH,"Kampong Thum",
KH-7,1372,KH,"Kampot",
KH-8,1373,KH,"Kandaal",
KI-G,1374,KI,"Gilbert Islands",
KI-L,1375,KI,"Line Islands",
KM-G,1376,KM,"Grande Comore",
KM-M,1377,KM,"Moheli",
KN-01,1378,KN,"Christ Church Nichola Town",
KN-02,1379,KN,"Saint Anne Sandy Point",
KN-03,1380,KN,"Saint George Basseterre",
KN-05,1381,KN,"Saint James Windward",
KN-06,1382,KN,"Saint John Capisterre",
KN-07,1383,KN,"Saint John Figtree",
KN-08,1384,KN,"Saint Mary Cayon",
KN-09,1385,KN,"Saint Paul Capisterre",
KN-10,1386,KN,"Saint Paul Charlestown",
KN-11,1387,KN,"Saint Peter Basseterre",
KN-12,1388,KN,"Saint Thomas Lowland",
KN-13,1389,KN,"Saint Thomas Middle Island",
KN-15,1390,KN,"Trinity Palmetto Point",
KP-01,1391,KP,"P'yongyang",
KR-11,1392,KR,"Seoul-teukbyeolsi",
KR-26,1393,KR,"Busan-gwangyeoksi",
KR-27,1394,KR,"Daegu-gwangyeoksi",
KR-28,1395,KR,"Incheon-gwangyeoksi",
KR-29,1396,KR,"Gwangju-gwangyeoksi",
KR-30,1397,KR,"Daejeon-gwangyeoksi",
KR-31,1398,KR,"Ulsan-gwangyeoksi",
KR-41,1399,KR,"Gyeonggi-do",
KR-42,1400,KR,"Gangwon-do",
KR-43,1401,KR,"Chungcheongbuk-do",
KR-44,1402,KR,"Chungcheongnam-do",
KR-45,1403,KR,"Jeollabuk-do",
KR-46,1404,KR,"Jeollanam-do",
KR-47,1405,KR,"Gyeongsangbuk-do",
KR-48,1406,KR,"Gyeongsangnam-do",
KR-49,1407,KR,"Jeju-teukbyeoljachido",
KW-AH,1408,KW,"Al Ahmadi",
KW-FA,1409,KW,"Al Farwaniyah",
KW-HA,1410,KW,"Hawalli",
KW-JA,1411,KW,"Al Jahra'",
KW-KU,1412,KW,"Al 'Asimah",
KW-MU,1413,KW,"Mubarak al Kabir",
KZ-10,1414,KZ,"Abay oblysy",
KZ-11,1415,KZ,"Aqmola oblysy",
KZ-15,1416,KZ,"Aqtobe oblysy",
KZ-19,1417,KZ,"Almaty oblysy",
KZ-23,1418,KZ,"Atyrau oblysy",
KZ-27,1419,KZ,"Batys Qazaqstan oblysy",
KZ-31,1420,KZ,"Zhambyl oblysy",
KZ-33,1421,KZ,"Zhetisu oblysy",
KZ-35,1422,KZ,"Qaraghandy oblysy",
KZ-39,1423,KZ,"Qostanay oblysy",
KZ-43,1424,KZ,"Qyzylorda oblysy",
KZ-47,1425,KZ,"Mangghystau oblysy",
KZ-55,1426,KZ,"Pavlodar oblysy",
KZ-59,1427,KZ,"Soltustik Qazaqstan oblysy",
KZ-61,1428,KZ,"Turkistan oblysy",
KZ-62,1429,KZ,"Ulytau oblysy",
KZ-63,1430,KZ,"Shyghys Qazaqstan oblysy",
KZ-71,1431,KZ,"Astana",
KZ-75,1432,KZ,"Almaty",
KZ-79,1433,KZ,"Shymkent",
LA-BK,1434,LA,"Bokeo",
LA-BL,1435,LA,"Bolikhamxai",
LA-CH,1436,LA,"Champasak",
LA-KH,1437,LA,"Khammouan",
LA-LP,1438,LA,"Louangphabang",
LA-OU,1439,LA,"Oudomxai",
LA-PH,1440,LA,"Phongsali",
LA-SL,1441,LA,"Salavan",
LA-SV,1442,LA,"Savannakhet",
LA-VI,1443,LA,"Viangchan",
LA-XE,1444,LA,"Xekong",
LA-XI,1445,LA,"Xiangkhouang",
LB-AK,1446,LB,"Aakkar",
LB-AS,1447,LB,"Liban-Nord",
LB-BA,1448,LB,"Beyrouth",
LB-BH,1449,LB,"Baalbek-Hermel",
LB-BI,1450,LB,"Beqaa",
LB-JA,1451,LB,"Liban-Sud",
LB-JL,1452,LB,"Mont-Liban",
LB-NA,1453,LB,"Nabatiye",
LC-01,1454,LC,"Anse la Raye",
LC-02,1455,LC,"Castries",
LC-03,1456,LC,"Choiseul",
LC-05,1457,LC,"Dennery",
LC-06,1458,LC,"Gros Islet",
LC-07,1459,LC,"Laborie",
LC-08,1460,LC,"Micoud",
LC-10,1461,LC,"Soufriere",
LC-11,1462,LC,"Vieux Fort",
LI-01,1463,LI,"Balzers",
LI-02,1464,LI,"Eschen",
LI-03,1465,LI,"Gamprin",
LI-04,1466,LI,"Mauren",
LI-06,1467,LI,"Ruggell",
LI-07,1468,LI,"Schaan",
LI-09,1469,LI,"Triesen",
LI-10,1470,LI,"Triesenberg",
LI-11,1471,LI,"Vaduz",
LK-1,1472,LK,"Western Province",
LK-2,1473,LK,"Central Province",
LK-3,1474,LK,"Southern Province",
LK-4,1475,LK,"Northern Province",
LK-5,1476,LK,"Eastern Province",
LK-6,1477,LK,"North Western Province",
LK-7,1478,LK,"North Central Province",
LK-8,1479,LK,"Uva Province",
LK-9,1480,LK,"Sabaragamuwa Province",
LR-BG,1481,LR,"Bong",
LR-BM,1482,LR,"Bomi",
LR-CM,1483,LR,"Grand Cape Mount",
LR-GG,1484,LR,"Grand Gedeh",
LR-MG,1485,LR,"Margibi",
LR-MO,1486,LR,"Montserrado",
LR-RI,1487,LR,"River Cess",
LR-SI,1488,LR,"Sinoe",
LS-A,1489,LS,"Maseru",
LS-B,1490,LS,"Botha-Bothe",
LS-C,1491,LS,"Leribe",
LS-D,1492,LS,"Berea",
LS-E,1493,LS,"Mafeteng",
LS-F,1494,LS,"Mohale's Hoek",
LS-G,1495,LS,"Quthing",
LS-H,1496,LS,"Qacha's Nek",
LS-J,1497,LS,"Mokhotlong",
LS-K,1498,LS,"Thaba-Tseka",
LT-AL,1499,LT,"Alytaus apskritis",
LT-KL,1500,LT,"Klaipedos apskritis",
LT-KU,1501,LT,"Kauno apskritis",
LT-MR,1502,LT,"Marijampoles apskritis",
LT-PN,1503,LT,"Panevezio apskritis",
LT-SA,1504,LT,"Siauliu apskritis",
LT-TA,1505,LT,"Taurages apskritis",
LT-TE,1506,LT,"Telsiu apskritis",
LT-UT,1507,LT,"Utenos apskritis",
LT-VL,1508,LT,"Vilniaus apskritis",
LU-CA,1509,LU,"Capellen",
LU-CL,1510,LU,"Clervaux",
LU-DI,1511,LU,"Diekirch",
LU-EC,1512,LU,"Echternach",
LU-ES,1513,LU,"Esch-sur-Alzette",
LU-GR,1514,LU,"Grevenmacher",
LU-LU,1515,LU,"Luxembourg",
LU-ME,1516,LU,"Mersch",
LU-RD,1517,LU,"Redange",
LU-RM,1518,LU,"Remich",
LU-VD,1519,LU,"Vianden",
LU-WI,1520,LU,"Wiltz",
LV-002,1521,LV,"Aizkraukles novads",
LV-007,1522,LV,"Aluksnes novads",
LV-011,1523,LV,"Adazu novads",
LV-015,1524,LV,"Balvu novads",
LV-016,1525,LV,"Bauskas novads",
LV-022,1526,LV,"Cesu novads",
LV-026,1527,LV,"Dobeles novads",
LV-033,1528,LV,"Gulbenes novads",
LV-041,1529,LV,"Jelgavas novads",
LV-042,1530,LV,"Jekabpils novads",
LV-047,1531,LV,"Kraslavas novads",
LV-050,1532,LV,"Kuldigas novads",
LV-052,1533,LV,"Kekavas novads",
LV-054,1534,LV,"Limbazu novads",
LV-056,1535,LV,"Livanu novads",
LV-058,1536,LV,"Ludzas novads",
LV-059,1537,LV,"Madonas novads",
LV-062,1538,LV,"Marupes novads",
LV-067,1539,LV,"Ogres novads",
LV-068,1540,LV,"Olaines novads",
LV-073,1541,LV,"Preilu novads",
LV-077,1542,LV,"Rezeknes novads",
LV-080,1543,LV,"Ropazu novads",
LV-087,1544,LV,"Salaspils novads",
LV-088,1545,LV,"Saldus novads",
LV-089,1546,LV,"Saulkrastu novads",
LV-091,1547,LV,"Siguldas novads",
LV-094,1548,LV,"Smiltenes novads",
LV-097,1549,LV,"Talsu novads",
LV-099,1550,LV,"Tukuma novads",
LV-101,1551,LV,"Valkas novads",
LV-102,1552,LV,"Varaklanu novads",
LV-106,1553,LV,"Ventspils novads",
LV-111,1554,LV,"Augsdaugavas novads",
LV-112,1555,LV,"Dienvidkurzemes novads",
LV-113,1556,LV,"Valmieras novads",
LV-DGV,1557,LV,"Daugavpils",
LV-JEL,1558,LV,"Jelgava",
LV-JUR,1559,LV,"Jurmala",
LV-LPX,1560,LV,"Liepaja",
LV-RIX,1561,LV,"Riga",
LY-BA,1562,LY,"Banghazi",
LY-BU,1563,LY,"Al Butnan",
LY-DR,1564,LY,"Darnah",
LY-JA,1565,LY,"Al Jabal al Akhdar",
LY-JG,1566,LY,"Al Jabal al Gharbi",
LY-JI,1567,LY,"Al Jafarah",
LY-JU,1568,LY,"Al Jufrah",
LY-KF,1569,LY,"Al Kufrah",
LY-MB,1570,LY,"Al Marqab",
LY-MI,1571,LY,"Misratah",
LY-MJ,1572,LY,"Al Marj",
LY-NL,1573,LY,"Nalut",
LY-NQ,1574,LY,"An Nuqat al Khams",
LY-SB,1575,LY,"Sabha",
LY-SR,1576,LY,"Surt",
LY-TB,1577,LY,"Tarabulus",
LY-WA,1578,LY,"Al Wahat",
LY-WD,1579,LY,"Wadi al Hayat",
LY-WS,1580,LY,"Wadi ash Shati'",
LY-ZA,1581,LY,"Az Zawiyah",
MA-01,1582,MA,"Tanger-Tetouan-Al Hoceima",
MA-02,1583,MA,"L'Oriental",
MA-03,1584,MA,"Fes- Meknes",
MA-04,1585,MA,"Rabat-Sale-Kenitra",
MA-05,1586,MA,"Beni-Mellal-Khenifra",
MA-06,1587,MA,"Casablanca-Settat",
MA-07,1588,MA,"Marrakech-Safi",
MA-08,1589,MA,"Draa-Tafilalet",
MA-09,1590,MA,"Souss-Massa",
MA-10,1591,MA,"Guelmim-Oued Noun (EH-partial)",
MA-11,1592,MA,"Laayoune-Sakia El Hamra (EH-partial)",
MC-CO,1593,MC,"La Condamine",
MC-FO,1594,MC,"Fontvieille",
MC-MC,1595,MC,"Monte-Carlo",
MC-MG,1596,MC,"Moneghetti",
MC-MO,1597,MC,"Monaco-Ville",
MC-SR,1598,MC,"Saint-Roman",
MD-AN,1599,MD,"Anenii Noi",
MD-BA,1600,MD,"Balti",
MD-BD,1601,MD,"Bender",
MD-BR,1602,MD,"Briceni",
MD-BS,1603,MD,"Basarabeasca",
MD-CA,1604,MD,"Cahul",
MD-CL,1605,MD,"Calarasi",
MD-CM,1606,MD,"Cimislia",
MD-CR,1607,MD,"Criuleni",
MD-CS,1608,MD,"Causeni",
MD-CT,1609,MD,"Cantemir",
MD-CU,1610,MD,"Chisinau",
MD-DO,1611,MD,"Donduseni",
MD-DR,1612,MD,"Drochia",
MD-DU,1613,MD,"Dubasari",
MD-ED,1614,MD,"Edinet",
MD-FA,1615,MD,"Falesti",
MD-FL,1616,MD,"Floresti",
MD-GA,1617,MD,"Gagauzia, Unitatea teritoriala autonoma",
MD-GL,1618,MD,"Glodeni",
MD-HI,1619,MD,"Hincesti",
MD-IA,1620,MD,"Ialoveni",
MD-LE,1621,MD,"Leova",
MD-NI,1622,MD,"Nisporeni",
MD-OC,1623,MD,"Ocnita",
MD-OR,1624,MD,"Orhei",
MD-RE,1625,MD,"Rezina",
MD-RI,1626,MD,"Riscani",
MD-SD,1627,MD,"Soldanesti",
MD-SI,1628,MD,"Singerei",
MD-SN,1629,MD,"Stinga Nistrului, unitatea teritoriala din",
MD-SO,1630,MD,"Soroca",
MD-ST,1631,MD,"Straseni",
MD-SV,1632,MD,"Stefan Voda",
MD-TA,1633,MD,"Taraclia",
MD-TE,1634,MD,"Telenesti",
MD-UN,1635,MD,"Ungheni",
ME-01,1636,ME,"Andrijevica",
ME-02,1637,ME,"Bar",
ME-03,1638,ME,"Berane",
ME-04,1639,ME,"Bijelo Polje",
ME-05,1640,ME,"Budva",
ME-06,1641,ME,"Cetinje",
ME-07,1642,ME,"Danilovgrad",
ME-08,1643,ME,"Herceg-Novi",
ME-09,1644,ME,"Kolasin",
ME-10,1645,ME,"Kotor",
ME-12,1646,ME,"Niksic",
ME-13,1647,ME,"Plav",
ME-14,1648,ME,"Pljevlja",
ME-15,1649,ME,"Pluzine",
ME-16,1650,ME,"Podgorica",
ME-17,1651,ME,"Rozaje",
ME-19,1652,ME,"Tivat",
ME-20,1653,ME,"Ulcinj",
ME-21,1654,ME,"Zabljak",
ME-24,1655,ME,"Tuzi",
MG-A,1656,MG,"Toamasina",
MG-D,1657,MG,"Antsiranana",
MG-F,1658,MG,"Fianarantsoa",
MG-M,1659,MG,"Mahajanga",
MG-T,1660,MG,"Antananarivo",
MG-U,1661,MG,"Toliara",
MH-KWA,1662,MH,"Kwajalein",
MH-MAJ,1663,MH,"Majuro",
MK-101,1664,MK,"Veles",
MK-102,1665,MK,"Gradsko",
MK-103,1666,MK,"Demir Kapija",
MK-104,1667,MK,"Kavadarci",
MK-105,1668,MK,"Lozovo",
MK-106,1669,MK,"Negotino",
MK-107,1670,MK,"Rosoman",
MK-108,1671,MK,"Sveti Nikole",
MK-109,1672,MK,"Caska",
MK-201,1673,MK,"Berovo",
MK-202,1674,MK,"Vinica",
MK-205,1675,MK,"Karbinci",
MK-206,1676,MK,"Kocani",
MK-207,1677,MK,"Makedonska Kamenica",
MK-208,1678,MK,"Pehcevo",
MK-209,1679,MK,"Probistip",
MK-211,1680,MK,"Stip",
MK-301,1681,MK,"Vevcani",
MK-303,1682,MK,"Debar",
MK-307,1683,MK,"Kicevo",
MK-308,1684,MK,"Makedonski Brod",
MK-310,1685,MK,"Ohrid",
MK-312,1686,MK,"Struga",
MK-401,1687,MK,"Bogdanci",
MK-402,1688,MK,"Bosilovo",
MK-403,1689,MK,"Valandovo",
MK-404,1690,MK,"Vasilevo",
MK-405,1691,MK,"Gevgelija",
MK-406,1692,MK,"Dojran",
MK-408,1693,MK,"Novo Selo",
MK-409,1694,MK,"Radovis",
MK-410,1695,MK,"Strumica",
MK-501,1696,MK,"Bitola",
MK-502,1697,MK,"Demir Hisar",
MK-503,1698,MK,"Dolneni",
MK-504,1699,MK,"Krivogastani",
MK-505,1700,MK,"Krusevo",
MK-506,1701,MK,"Mogila",
MK-507,1702,MK,"Novaci",
MK-508,1703,MK,"Prilep",
MK-509,1704,MK,"Resen",
MK-601,1705,MK,"Bogovinje",
MK-602,1706,MK,"Brvenica",
MK-604,1707,MK,"Gostivar",
MK-605,1708,MK,"Zelino",
MK-606,1709,MK,"Jegunovce",
MK-607,1710,MK,"Mavrovo i Rostusa",
MK-608,1711,MK,"Tearce",
MK-609,1712,MK,"Tetovo",
MK-701,1713,MK,"Kratovo",
MK-702,1714,MK,"Kriva Palanka",
MK-703,1715,MK,"Kumanovo",
MK-704,1716,MK,"Lipkovo",
MK-705,1717,MK,"Rankovce",
MK-803,1718,MK,"Butel",
MK-804,1719,MK,"Gazi Baba",
MK-806,1720,MK,"Zelenikovo",
MK-807,1721,MK,"Ilinden",
MK-809,1722,MK,"Kisela Voda",
MK-810,1723,MK,"Petrovec",
MK-811,1724,MK,"Saraj",
MK-813,1725,MK,"Studenicani",
MK-814,1726,MK,"Centar",
MK-816,1727,MK,"Cucer Sandevo",
ML-1,1728,ML,"Kayes",
ML-2,1729,ML,"Koulikoro",
ML-3,1730,ML,"Sikasso",
ML-4,1731,ML,"Segou",
ML-5,1732,ML,"Mopti",
ML-6,1733,ML,"Tombouctou",
ML-7,1734,ML,"Gao",
ML-8,1735,ML,"Kidal",
ML-BKO,1736,ML,"Bamako",
MM-01,1737,MM,"Sagaing",
MM-02,1738,MM,"Bago",
MM-03,1739,MM,"Magway",
MM-04,1740,MM,"Mandalay",
MM-05,1741,MM,"Tanintharyi",
MM-06,1742,MM,"Yangon",
MM-07,1743,MM,"Ayeyarwady",
MM-11,1744,MM,"Kachin",
MM-12,1745,MM,"Kayah",
MM-13,1746,MM,"Kayin",
MM-14,1747,MM,"Chin",
MM-15,1748,MM,"Mon",
MM-16,1749,MM,"Rakhine",
MM-17,1750,MM,"Shan",
MM-18,1751,MM,"Nay Pyi Taw",
MN-035,1752,MN,"Orhon",
MN-037,1753,MN,"Darhan uul",
MN-039,1754,MN,"Hentiy",
MN-043,1755,MN,"Hovd",
MN-047,1756,MN,"Tov",
MN-053,1757,MN,"Omnogovi",
MN-055,1758,MN,"Ovorhangay",
MN-061,1759,MN,"Dornod",
MN-063,1760,MN,"Dornogovi",
MN-065,1761,MN,"Govi-Altay",
MN-067,1762,MN,"Bulgan",
MN-069,1763,MN,"Bayanhongor",
MN-1,1764,MN,"Ulaanbaatar",
MR-02,1765,MR,"Hodh el Gharbi",
MR-03,1766,MR,"Assaba",
MR-04,1767,MR,"Gorgol",
MR-05,1768,MR,"Brakna",
MR-06,1769,MR,"Trarza",
MR-07,1770,MR,"Adrar",
MR-08,1771,MR,"Dakhlet Nouadhibou",
MR-09,1772,MR,"Tagant",
MR-11,1773,MR,"Tiris Zemmour",
MR-12,1774,MR,"Inchiri",
MR-13,1775,MR,"Nouakchott Ouest",
MT-01,1776,MT,"Attard",
MT-02,1777,MT,"Balzan",
MT-03,1778,MT,"Birgu",
MT-04,1779,MT,"Birkirkara",
MT-05,1780,MT,"Birzebbuga",
MT-06,1781,MT,"Bormla",
MT-07,1782,MT,"Dingli",
MT-08,1783,MT,"Fgura",
MT-09,1784,MT,"Floriana",
MT-10,1785,MT,"Fontana",
MT-11,1786,MT,"Gudja",
MT-12,1787,MT,"Gzira",
MT-13,1788,MT,"Ghajnsielem",
MT-14,1789,MT,"Gharb",
MT-15,1790,MT,"Gharghur",
MT-16,1791,MT,"Ghasri",
MT-17,1792,MT,"Ghaxaq",
MT-18,1793,MT,"Hamrun",
MT-19,1794,MT,"Iklin",
MT-20,1795,MT,"Isla",
MT-21,1796,MT,"Kalkara",
MT-23,1797,MT,"Kirkop",
MT-24,1798,MT,"Lija",
MT-25,1799,MT,"Luqa",
MT-26,1800,MT,"Marsa",
MT-27,1801,MT,"Marsaskala",
MT-28,1802,MT,"Marsaxlokk",
MT-29,1803,MT,"Mdina",
MT-30,1804,MT,"Mellieha",
MT-31,1805,MT,"Mgarr",
MT-32,1806,MT,"Mosta",
MT-33,1807,MT,"Mqabba",
MT-34,1808,MT,"Msida",
MT-35,1809,MT,"Mtarfa",
MT-36,1810,MT,"Munxar",
MT-37,1811,MT,"Nadur",
MT-38,1812,MT,"Naxxar",
MT-39,1813,MT,"Paola",
MT-40,1814,MT,"Pembroke",
MT-41,1815,MT,"Pieta",
MT-42,1816,MT,"Qala",
MT-43,1817,MT,"Qormi",
MT-44,1818,MT,"Qrendi",
MT-45,1819,MT,"Rabat Gozo",
MT-46,1820,MT,"Rabat Malta",
MT-47,1821,MT,"Safi",
MT-48,1822,MT,"Saint Julian's",
MT-49,1823,MT,"Saint John",
MT-50,1824,MT,"Saint Lawrence",
MT-51,1825,MT,"Saint Paul's Bay",
MT-52,1826,MT,"Sannat",
MT-53,1827,MT,"Saint Lucia's",
MT-54,1828,MT,"Santa Venera",
MT-55,1829,MT,"Siggiewi",
MT-56,1830,MT,"Sliema",
MT-57,1831,MT,"Swieqi",
MT-58,1832,MT,"Ta' Xbiex",
MT-59,1833,MT,"Tarxien",
MT-60,1834,MT,"Valletta",
MT-61,1835,MT,"Xaghra",
MT-62,1836,MT,"Xewkija",
MT-63,1837,MT,"Xghajra",
MT-64,1838,MT,"Zabbar",
MT-65,1839,MT,"Zebbug Gozo",
MT-67,1840,MT,"Zejtun",
MT-68,1841,MT,"Zurrieq",
MU-BL,1842,MU,"Black River",
MU-FL,1843,MU,"Flacq",
MU-GP,1844,MU,"Grand Port",
MU-MO,1845,MU,"Moka",
MU-PA,1846,MU,"Pamplemousses",
MU-PL,1847,MU,"Port Louis",
MU-PW,1848,MU,"Plaines Wilhems",
MU-RO,1849,MU,"Rodrigues Islands",
MU-RR,1850,MU,"Riviere du Rempart",
MU-SA,1851,MU,"Savanne",
MV-00,1852,MV,"South Ari Atoll",
MV-01,1853,MV,"Addu City",
MV-02,1854,MV,"North Ari Atoll",
MV-03,1855,MV,"Faadhippolhu",
MV-04,1856,MV,"Felidhu Atoll",
MV-05,1857,MV,"Hahdhunmathi",
MV-07,1858,MV,"North Thiladhunmathi",
MV-08,1859,MV,"Kolhumadulu",
MV-12,1860,MV,"Mulaku Atoll",
MV-13,1861,MV,"North Maalhosmadulu",
MV-20,1862,MV,"South Maalhosmadulu",
MV-23,1863,MV,"South Thiladhunmathi",
MV-25,1864,MV,"South Miladhunmadulu",
MV-27,1865,MV,"North Huvadhu Atoll",
MV-28,1866,MV,"South Huvadhu Atoll",
MV-MLE,1867,MV,"Male",
MW-BA,1868,MW,"Balaka",
MW-BL,1869,MW,"Blantyre",
MW-CK,1870,MW,"Chikwawa",
MW-CR,1871,MW,"Chiradzulu",
MW-DE,1872,MW,"Dedza",
MW-DO,1873,MW,"Dowa",
MW-KR,1874,MW,"Karonga",
MW-LI,1875,MW,"Lilongwe",
MW-MG,1876,MW,"Mangochi",
MW-MH,1877,MW,"Machinga",
MW-MU,1878,MW,"Mulanje",
MW-MW,1879,MW,"Mwanza",
MW-MZ,1880,MW,"Mzimba",
MW-NE,1881,MW,"Neno",
MW-NI,1882,MW,"Ntchisi",
MW-NK,1883,MW,"Nkhotakota",
MW-SA,1884,MW,"Salima",
MW-TH,1885,MW,"Thyolo",
MW-ZO,1886,MW,"Zomba",
MX-AGU,1887,MX,"Aguascalientes",
MX-BCN,1888,MX,"Baja California",
MX-BCS,1889,MX,"Baja California Sur",
MX-CAM,1890,MX,"Campeche",
MX-CHH,1891,MX,"Chihuahua",
MX-CHP,1892,MX,"Chiapas",
MX-CMX,1893,MX,"Ciudad de Mexico",
MX-COA,1894,MX,"Coahuila de Zaragoza",
MX-COL,1895,MX,"Colima",
MX-DUR,1896,MX,"Durango",
MX-GRO,1897,MX,"Guerrero",
MX-GUA,1898,MX,"Guanajuato",
MX-HID,1899,MX,"Hidalgo",
MX-JAL,1900,MX,"Jalisco",
MX-MEX,1901,MX,"Mexico",
MX-MIC,1902,MX,"Michoacan de Ocampo",
MX-MOR,1903,MX,"Morelos",
MX-NAY,1904,MX,"Nayarit",
MX-NLE,1905,MX,"Nuevo Leon",
MX-OAX,1906,MX,"Oaxaca",
MX-PUE,1907,MX,"Puebla",
MX-QUE,1908,MX,"Queretaro",
MX-ROO,1909,MX,"Quintana Roo",
MX-SIN,1910,MX,"Sinaloa",
MX-SLP,1911,MX,"San Luis Potosi",
MX-SON,1912,MX,"Sonora",
MX-TAB,1913,MX,"Tabasco",
MX-TAM,1914,MX,"Tamaulipas",
MX-TLA,1915,MX,"Tlaxcala",
MX-VER,1916,MX,"Veracruz de Ignacio de la Llave",
MX-YUC,1917,MX,"Yucatan",
MX-ZAC,1918,MX,"Zacatecas",
MY-01,1919,MY,"Johor",
MY-02,1920,MY,"Kedah",
MY-03,1921,MY,"Kelantan",
MY-04,1922,MY,"Melaka",
MY-05,1923,MY,"Negeri Sembilan",
MY-06,1924,MY,"Pahang",
MY-07,1925,MY,"Pulau Pinang",
MY-08,1926,MY,"Perak",
MY-09,1927,MY,"Perlis",
MY-10,1928,MY,"Selangor",
MY-11,1929,MY,"Terengganu",
MY-12,1930,MY,"Sabah",
MY-13,1931,MY,"Sarawak",
MY-14,1932,MY,"Wilayah Persekutuan Kuala Lumpur",
MY-15,1933,MY,"Wilayah Persekutuan Labuan",
MY-16,1934,MY,"Wilayah Persekutuan Putrajaya",
MZ-A,1935,MZ,"Niassa",
MZ-B,1936,MZ,"Manica",
MZ-G,1937,MZ,"Gaza",
MZ-I,1938,MZ,"Inhambane",
MZ-L,1939,MZ,"Maputo",
MZ-N,1940,MZ,"Nampula",
MZ-P,1941,MZ,"Cabo Delgado",
MZ-Q,1942,MZ,"Zambezia",
MZ-S,1943,MZ,"Sofala",
MZ-T,1944,MZ,"Tete",
NA-CA,1945,NA,"Zambezi",
NA-ER,1946,NA,"Erongo",
NA-HA,1947,NA,"Hardap",
NA-KA,1948,NA,"Karas",
NA-KE,1949,NA,"Kavango East",
NA-KH,1950,NA,"Khomas",
NA-KU,1951,NA,"Kunene",
NA-KW,1952,NA,"Kavango West",
NA-OD,1953,NA,"Otjozondjupa",
NA-OH,1954,NA,"Omaheke",
NA-ON,1955,NA,"Oshana",
NA-OS,1956,NA,"Omusati",
NA-OT,1957,NA,"Oshikoto",
NA-OW,1958,NA,"Ohangwena",
NE-1,1959,NE,"Agadez",
NE-2,1960,NE,"Diffa",
NE-3,1961,NE,"Dosso",
NE-4,1962,NE,"Maradi",
NE-5,1963,NE,"Tahoua",
NE-6,1964,NE,"Tillaberi",
NE-7,1965,NE,"Zinder",
NE-8,1966,NE,"Niamey",
NG-AB,1967,NG,"Abia",
NG-AD,1968,NG,"Adamawa",
NG-AK,1969,NG,"Akwa Ibom",
NG-AN,1970,NG,"Anambra",
NG-BA,1971,NG,"Bauchi",
NG-BE,1972,NG,"Benue",
NG-BO,1973,NG,"Borno",
NG-BY,1974,NG,"Bayelsa",
NG-CR,1975,NG,"Cross River",
NG-DE,1976,NG,"Delta",
NG-EB,1977,NG,"Ebonyi",
NG-ED,1978,NG,"Edo",
NG-EK,1979,NG,"Ekiti",
NG-EN,1980,NG,"Enugu",
NG-FC,1981,NG,"Abuja Federal Capital Territory",
NG-GO,1982,NG,"Gombe",
NG-IM,1983,NG,"Imo",
NG-JI,1984,NG,"Jigawa",
NG-KD,1985,NG,"Kaduna",
NG-KE,1986,NG,"Kebbi",
NG-KN,1987,NG,"Kano",
NG-KO,1988,NG,"Kogi",
NG-KT,1989,NG,"Katsina",
NG-KW,1990,NG,"Kwara",
NG-LA,1991,NG,"Lagos",
NG-NA,1992,NG,"Nasarawa",
NG-NI,1993,NG,"Niger",
NG-OG,1994,NG,"Ogun",
NG-ON,1995,NG,"Ondo",
NG-OS,1996,NG,"Osun",
NG-OY,1997,NG,"Oyo",
NG-PL,1998,NG,"Plateau",
NG-RI,1999,NG,"Rivers",
NG-SO,2000,NG,"Sokoto",
NG-TA,2001,NG,"Taraba",
NG-YO,2002,NG,"Yobe",
NG-ZA,2003,NG,"Zamfara",
NI-AN,2004,NI,"Costa Caribe Norte",
NI-AS,2005,NI,"Costa Caribe Sur",
NI-BO,2006,NI,"Boaco",
NI-CA,2007,NI,"Carazo",
NI-CI,2008,NI,"Chinandega",
NI-CO,2009,NI,"Chontales",
NI-ES,2010,NI,"Esteli",
NI-GR,2011,NI,"Granada",
NI-JI,2012,NI,"Jinotega",
NI-LE,2013,NI,"Leon",
NI-MD,2014,NI,"Madriz",
NI-MN,2015,NI,"Managua",
NI-MS,2016,NI,"Masaya",
NI-MT,2017,NI,"Matagalpa",
NI-NS,2018,NI,"Nueva Segovia",
NI-RI,2019,NI,"Rivas",
NI-SJ,2020,NI,"Rio San Juan",
NL-DR,2021,NL,"Drenthe",
NL-FL,2022,NL,"Flevoland",
NL-FR,2023,NL,"Fryslan",
NL-GE,2024,NL,"Gelderland",
NL-GR,2025,NL,"Groningen",
NL-LI,2026,NL,"Limburg",
NL-NB,2027,NL,"Noord-Brabant",
NL-NH,2028,NL,"Noord-Holland",
NL-OV,2029,NL,"Overijssel",
NL-UT,2030,NL,"Utrecht",
NL-ZE,2031,NL,"Zeeland",
NL-ZH,2032,NL,"Zuid-Holland",
NO-03,2033,NO,"Oslo",
NO-11,2034,NO,"Rogaland",
NO-15,2035,NO,"More og Romsdal",
NO-18,2036,NO,"Nordland",
NO-30,2037,NO,"Viken",
NO-34,2038,NO,"Innlandet",
NO-38,2039,NO,"Vestfold og Telemark",
NO-42,2040,NO,"Agder",
NO-46,2041,NO,"Vestland",
NO-50,2042,NO,"Trondelag",
NO-54,2043,NO,"Troms og Finnmark",
NP-BA,2044,NP,"Bagmati",
NP-BH,2045,NP,"Bheri",
NP-DH,2046,NP,"Dhawalagiri",
NP-GA,2047,NP,"Gandaki",
NP-JA,2048,NP,"Janakpur",
NP-KA,2049,NP,"Karnali",
NP-KO,2050,NP,"Kosi",
NP-LU,2051,NP,"Lumbini",
NP-MA,2052,NP,"Mahakali",
NP-ME,2053,NP,"Mechi",
NP-NA,2054,NP,"Narayani",
NP-RA,2055,NP,"Rapti",
NP-SA,2056,NP,"Sagarmatha",
NP-SE,2057,NP,"Seti",
NR-01,2058,NR,"Aiwo",
NR-03,2059,NR,"Anetan",
NR-14,2060,NR,"Yaren",
NZ-AUK,2061,NZ,"Auckland",
NZ-BOP,2062,NZ,"Bay of Plenty",
NZ-CAN,2063,NZ,"Canterbury",
NZ-CIT,2064,NZ,"Chatham Islands Territory",
NZ-GIS,2065,NZ,"Gisborne",
NZ-HKB,2066,NZ,"Hawke's Bay",
NZ-MBH,2067,NZ,"Marlborough",
NZ-MWT,2068,NZ,"Manawatu-Wanganui",
NZ-NSN,2069,NZ,"Nelson",
NZ-NTL,2070,NZ,"Northland",
NZ-OTA,2071,NZ,"Otago",
NZ-STL,2072,NZ,"Southland",
NZ-TAS,2073,NZ,"Tasman",
NZ-TKI,2074,NZ,"Taranaki",
NZ-WGN,2075,NZ,"Wellington",
NZ-WKO,2076,NZ,"Waikato",
NZ-WTC,2077,NZ,"West Coast",
OM-BJ,2078,OM,"Janub al Batinah",
OM-BS,2079,OM,"Shamal al Batinah",
OM-BU,2080,OM,"Al Buraymi",
OM-DA,2081,OM,"Ad Dakhiliyah",
OM-MA,2082,OM,"Masqat",
OM-MU,2083,OM,"Musandam",
OM-SJ,2084,OM,"Janub ash Sharqiyah",
OM-SS,2085,OM,"Shamal ash Sharqiyah",
OM-WU,2086,OM,"Al Wusta",
OM-ZA,2087,OM,"Az Zahirah",
OM-ZU,2088,OM,"Zufar",
PA-1,2089,PA,"Bocas del Toro",
PA-2,2090,PA,"Cocle",
PA-3,2091,PA,"Colon",
PA-4,2092,PA,"Chiriqui",
PA-5,2093,PA,"Darien",
PA-6,2094,PA,"Herrera",
PA-7,2095,PA,"Los Santos",
PA-8,2096,PA,"Panama",
PA-9,2097,PA,"Veraguas",
PA-NB,2098,PA,"Ngobe-Bugle",
PE-AMA,2099,PE,"Amazonas",
PE-ANC,2100,PE,"Ancash",
PE-APU,2101,PE,"Apurimac",
PE-ARE,2102,PE,"Arequipa",
PE-AYA,2103,PE,"Ayacucho",
PE-CAJ,2104,PE,"Cajamarca",
PE-CAL,2105,PE,"El Callao",
PE-CUS,2106,PE,"Cusco",
PE-HUC,2107,PE,"Huanuco",
PE-HUV,2108,PE,"Huancavelica",
PE-ICA,2109,PE,"Ica",
PE-JUN,2110,PE,"Junin",
PE-LAL,2111,PE,"La Libertad",
PE-LAM,2112,PE,"Lambayeque",
PE-LIM,2113,PE,"Lima",
PE-LOR,2114,PE,"Loreto",
PE-MDD,2115,PE,"Madre de Dios",
PE-MOQ,2116,PE,"Moquegua",
PE-PAS,2117,PE,"Pasco",
PE-PIU,2118,PE,"Piura",
PE-PUN,2119,PE,"Puno",
PE-SAM,2120,PE,"San Martin",
PE-TAC,2121,PE,"Tacna",
PE-TUM,2122,PE,"Tumbes",
PE-UCA,2123,PE,"Ucayali",
PG-CPK,2124,PG,"Chimbu",
PG-CPM,2125,PG,"Central",
PG-EBR,2126,PG,"East New Britain",
PG-EHG,2127,PG,"Eastern Highlands",
PG-ESW,2128,PG,"East Sepik",
PG-MBA,2129,PG,"Milne Bay",
PG-MPL,2130,PG,"Morobe",
PG-MPM,2131,PG,"Madang",
PG-MRL,2132,PG,"Manus",
PG-NCD,2133,PG,"National Capital District (Port Moresby)",
PG-NIK,2134,PG,"New Ireland",
PG-NSB,2135,PG,"Bougainville",
PG-SAN,2136,PG,"West Sepik",
PG-SHM,2137,PG,"Southern Highlands",
PG-WBK,2138,PG,"West New Britain",
PG-WPD,2139,PG,"Western",
PH-00,2140,PH,"National Capital Region",
PH-ABR,2141,PH,"Abra",
PH-AGN,2142,PH,"Agusan del Norte",
PH-AGS,2143,PH,"Agusan del Sur",
PH-AKL,2144,PH,"Aklan",
PH-ALB,2145,PH,"Albay",
PH-ANT,2146,PH,"Antique",
PH-APA,2147,PH,"Apayao",
PH-AUR,2148,PH,"Aurora",
PH-BAN,2149,PH,"Bataan",
PH-BAS,2150,PH,"Basilan",
PH-BEN,2151,PH,"Benguet",
PH-BIL,2152,PH,"Biliran",
PH-BOH,2153,PH,"Bohol",
PH-BTG,2154,PH,"Batangas",
PH-BTN,2155,PH,"Batanes",
PH-BUK,2156,PH,"Bukidnon",
PH-BUL,2157,PH,"Bulacan",
PH-CAG,2158,PH,"Cagayan",
PH-CAM,2159,PH,"Camiguin",
PH-CAN,2160,PH,"Camarines Norte",
PH-CAP,2161,PH,"Capiz",
PH-CAS,2162,PH,"Camarines Sur",
PH-CAT,2163,PH,"Catanduanes",
PH-CAV,2164,PH,"Cavite",
PH-CEB,2165,PH,"Cebu",
PH-COM,2166,PH,"Davao de Oro",
PH-DAO,2167,PH,"Davao Oriental",
PH-DAS,2168,PH,"Davao del Sur",
PH-DAV,2169,PH,"Davao del Norte",
PH-DIN,2170,PH,"Dinagat Islands",
PH-EAS,2171,PH,"Eastern Samar",
PH-GUI,2172,PH,"Guimaras",
PH-IFU,2173,PH,"Ifugao",
PH-ILI,2174,PH,"Iloilo",
PH-ILN,2175,PH,"Ilocos Norte",
PH-ILS,2176,PH,"Ilocos Sur",
PH-ISA,2177,PH,"Isabela",
PH-KAL,2178,PH,"Kalinga",
PH-LAG,2179,PH,"Laguna",
PH-LAN,2180,PH,"Lanao del Norte",
PH-LAS,2181,PH,"Lanao del Sur",
PH-LEY,2182,PH,"Leyte",
PH-LUN,2183,PH,"La Union",
PH-MAD,2184,PH,"Marinduque",
PH-MAG,2185,PH,"Maguindanao",
PH-MAS,2186,PH,"Masbate",
PH-MDC,2187,PH,"Mindoro Occidental",
PH-MDR,2188,PH,"Mindoro Oriental",
PH-MOU,2189,PH,"Mountain Province",
PH-MSC,2190,PH,"Misamis Occidental",
PH-MSR,2191,PH,"Misamis Oriental",
PH-NCO,2192,PH,"Cotabato",
PH-NEC,2193,PH,"Negros Occidental",
PH-NER,2194,PH,"Negros Oriental",
PH-NSA,2195,PH,"Northern Samar",
PH-NUE,2196,PH,"Nueva Ecija",
PH-NUV,2197,PH,"Nueva Vizcaya",
PH-PAM,2198,PH,"Pampanga",
PH-PAN,2199,PH,"Pangasinan",
PH-PLW,2200,PH,"Palawan",
PH-QUE,2201,PH,"Quezon",
PH-QUI,2202,PH,"Quirino",
PH-RIZ,2203,PH,"Rizal",
PH-ROM,2204,PH,"Romblon",
PH-SAR,2205,PH,"Sarangani",
PH-SCO,2206,PH,"South Cotabato",
PH-SIG,2207,PH,"Siquijor",
PH-SLE,2208,PH,"Southern Leyte",
PH-SLU,2209,PH,"Sulu",
PH-SOR,2210,PH,"Sorsogon",
PH-SUK,2211,PH,"Sultan Kudarat",
PH-SUN,2212,PH,"Surigao del Norte",
PH-SUR,2213,PH,"Surigao del Sur",
PH-TAR,2214,PH,"Tarlac",
PH-TAW,2215,PH,"Tawi-Tawi",
PH-WSA,2216,PH,"Samar",
PH-ZAN,2217,PH,"Zamboanga del Norte",
PH-ZAS,2218,PH,"Zamboanga del Sur",
PH-ZMB,2219,PH,"Zambales",
PH-ZSI,2220,PH,"Zamboanga Sibugay",
PK-BA,2221,PK,"Balochistan",
PK-GB,2222,PK,"Gilgit-Baltistan",
PK-IS,2223,PK,"Islamabad",
PK-JK,2224,PK,"Azad Jammu and Kashmir",
PK-KP,2225,PK,"Khyber Pakhtunkhwa",
PK-PB,2226,PK,"Punjab",
PK-SD,2227,PK,"Sindh",
PL-02,2228,PL,"Dolnoslaskie",
PL-04,2229,PL,"Kujawsko-pomorskie",
PL-06,2230,PL,"Lubelskie",
PL-08,2231,PL,"Lubuskie",
PL-10,2232,PL,"Lodzkie",
PL-12,2233,PL,"Malopolskie",
PL-14,2234,PL,"Mazowieckie",
PL-16,2235,PL,"Opolskie",
PL-18,2236,PL,"Podkarpackie",
PL-20,2237,PL,"Podlaskie",
PL-22,2238,PL,"Pomorskie",
PL-24,2239,PL,"Slaskie",
PL-26,2240,PL,"Swietokrzyskie",
PL-28,2241,PL,"Warminsko-mazurskie",
PL-30,2242,PL,"Wielkopolskie",
PL-32,2243,PL,"Zachodniopomorskie",
PS-BTH,2244,PS,"Bethlehem",
PS-DEB,2245,PS,"Deir El Balah",
PS-GZA,2246,PS,"Gaza",
PS-HBN,2247,PS,"Hebron",
PS-JEM,2248,PS,"Jerusalem",
PS-JEN,2249,PS,"Jenin",
PS-JRH,2250,PS,"Jericho and Al Aghwar",
PS-KYS,2251,PS,"Khan Yunis",
PS-NBS,2252,PS,"Nablus",
PS-RBH,2253,PS,"Ramallah",
PS-RFH,2254,PS,"Rafah",
PS-SLT,2255,PS,"Salfit",
PS-TBS,2256,PS,"Tubas",
PS-TKM,2257,PS,"Tulkarm",
PT-01,2258,PT,"Aveiro",
PT-02,2259,PT,"Beja",
PT-03,2260,PT,"Braga",
PT-04,2261,PT,"Braganca",
PT-05,2262,PT,"Castelo Branco",
PT-06,2263,PT,"Coimbra",
PT-07,2264,PT,"Evora",
PT-08,2265,PT,"Faro",
PT-09,2266,PT,"Guarda",
PT-10,2267,PT,"Leiria",
PT-11,2268,PT,"Lisboa",
PT-12,2269,PT,"Portalegre",
PT-13,2270,PT,"Porto",
PT-14,2271,PT,"Santarem",
PT-15,2272,PT,"Setubal",
PT-16,2273,PT,"Viana do Castelo",
PT-17,2274,PT,"Vila Real",
PT-18,2275,PT,"Viseu",
PT-20,2276,PT,"Regiao Autonoma dos Acores",
PT-30,2277,PT,"Regiao Autonoma da Madeira",
PW-004,2278,PW,"Airai",
PW-150,2279,PW,"Koror",
PW-212,2280,PW,"Melekeok",
PY-1,2281,PY,"Concepcion",
PY-10,2282,PY,"Alto Parana",
PY-11,2283,PY,"Central",
PY-12,2284,PY,"Neembucu",
PY-13,2285,PY,"Amambay",
PY-14,2286,PY,"Canindeyu",
PY-15,2287,PY,"Presidente Hayes",
PY-19,2288,PY,"Boqueron",
PY-2,2289,PY,"San Pedro",
PY-3,2290,PY,"Cordillera",
PY-4,2291,PY,"Guaira",
PY-5,2292,PY,"Caaguazu",
PY-6,2293,PY,"Caazapa",
PY-7,2294,PY,"Itapua",
PY-8,2295,PY,"Misiones",
PY-9,2296,PY,"Paraguari",
PY-ASU,2297,PY,"Asuncion",
QA-DA,2298,QA,"Ad Dawhah",
QA-KH,2299,QA,"Al Khawr wa adh Dhakhirah",
QA-MS,2300,QA,"Ash Shamal",
QA-RA,2301,QA,"Ar Rayyan",
QA-US,2302,QA,"Umm Salal",
QA-WA,2303,QA,"Al Wakrah",
QA-ZA,2304,QA,"Az Za'ayin",
RO-AB,2305,RO,"Alba",
RO-AG,2306,RO,"Arges",
RO-AR,2307,RO,"Arad",
RO-B,2308,RO,"Bucuresti",
RO-BC,2309,RO,"Bacau",
RO-BH,2310,RO,"Bihor",
RO-BN,2311,RO,"Bistrita-Nasaud",
RO-BR,2312,RO,"Braila",
RO-BT,2313,RO,"Botosani",
RO-BV,2314,RO,"Brasov",
RO-BZ,2315,RO,"Buzau",
RO-CJ,2316,RO,"Cluj",
RO-CL,2317,RO,"Calarasi",
RO-CS,2318,RO,"Caras-Severin",
RO-CT,2319,RO,"Constanta",
RO-CV,2320,RO,"Covasna",
RO-DB,2321,RO,"Dambovita",
RO-DJ,2322,RO,"Dolj",
RO-GJ,2323,RO,"Gorj",
RO-GL,2324,RO,"Galati",
RO-GR,2325,RO,"Giurgiu",
RO-HD,2326,RO,"Hunedoara",
RO-HR,2327,RO,"Harghita",
RO-IF,2328,RO,"Ilfov",
RO-IL,2329,RO,"Ialomita",
RO-IS,2330,RO,"Iasi",
RO-MH,2331,RO,"Mehedinti",
RO-MM,2332,RO,"Maramures",
RO-MS,2333,RO,"Mures",
RO-NT,2334,RO,"Neamt",
RO-OT,2335,RO,"Olt",
RO-PH,2336,RO,"Prahova",
RO-SB,2337,RO,"Sibiu",
RO-SJ,2338,RO,"Salaj",
RO-SM,2339,RO,"Satu Mare",
RO-SV,2340,RO,"Suceava",
RO-TL,2341,RO,"Tulcea",
RO-TM,2342,RO,"Timis",
RO-TR,2343,RO,"Teleorman",
RO-VL,2344,RO,"Valcea",
RO-VN,2345,RO,"Vrancea",
RO-VS,2346,RO,"Vaslui",
RS-00,2347,RS,"Beograd",
RS-01,2348,RS,"Severnobacki okrug",
RS-02,2349,RS,"Srednjebanatski okrug",
RS-03,2350,RS,"Severnobanatski okrug",
RS-04,2351,RS,"Juznobanatski okrug",
RS-05,2352,RS,"Zapadnobacki okrug",
RS-06,2353,RS,"Juznobacki okrug",
RS-07,2354,RS,"Sremski okrug",
RS-08,2355,RS,"Macvanski okrug",
RS-09,2356,RS,"Kolubarski okrug",
RS-10,2357,RS,"Podunavski okrug",
RS-11,2358,RS,"Branicevski okrug",
RS-12,2359,RS,"Sumadijski okrug",
RS-13,2360,RS,"Pomoravski okrug",
RS-14,2361,RS,"Borski okrug",
RS-15,2362,RS,"Zajecarski okrug",
RS-16,2363,RS,"Zlatiborski okrug",
RS-17,2364,RS,"Moravicki okrug",
RS-18,2365,RS,"Raski okrug",
RS-19,2366,RS,"Rasinski okrug",
RS-20,2367,RS,"Nisavski okrug",
RS-21,2368,RS,"Toplicki okrug",
RS-22,2369,RS,"Pirotski okrug",
RS-23,2370,RS,"Jablanicki okrug",
RS-24,2371,RS,"Pcinjski okrug",
RS-26,2372,RS,"Pecki okrug",
RS-27,2373,RS,"Prizrenski okrug",
RS-28,2374,RS,"Kosovsko-Mitrovacki okrug",
RU-AD,2375,RU,"Adygeya, Respublika",
RU-AL,2376,RU,"Altay, Respublika",
RU-ALT,2377,RU,"Altayskiy kray",
RU-AMU,2378,RU,"Amurskaya oblast'",
RU-ARK,2379,RU,"Arkhangel'skaya oblast'",
RU-AST,2380,RU,"Astrakhanskaya oblast'",
RU-BA,2381,RU,"Bashkortostan, Respublika",
RU-BEL,2382,RU,"Belgorodskaya oblast'",
RU-BRY,2383,RU,"Bryanskaya oblast'",
RU-BU,2384,RU,"Buryatiya, Respublika",
RU-CE,2385,RU,"Chechenskaya Respublika",
RU-CHE,2386,RU,"Chelyabinskaya oblast'",
RU-CHU,2387,RU,"Chukotskiy avtonomnyy okrug",
RU-CU,2388,RU,"Chuvashskaya Respublika",
RU-DA,2389,RU,"Dagestan, Respublika",
RU-IN,2390,RU,"Ingushetiya, Respublika",
RU-IRK,2391,RU,"Irkutskaya oblast'",
RU-IVA,2392,RU,"Ivanovskaya oblast'",
RU-KAM,2393,RU,"Kamchatskiy kray",
RU-KB,2394,RU,"Kabardino-Balkarskaya Respublika",
RU-KC,2395,RU,"Karachayevo-Cherkesskaya Respublika",
RU-KDA,2396,RU,"Krasnodarskiy kray",
RU-KEM,2397,RU,"Kemerovskaya oblast'",
RU-KGD,2398,RU,"Kaliningradskaya oblast'",
RU-KGN,2399,RU,"Kurganskaya oblast'",
RU-KHA,2400,RU,"Khabarovskiy kray",
RU-KHM,2401,RU,"Khanty-Mansiyskiy avtonomnyy okrug",
RU-KIR,2402,RU,"Kirovskaya oblast'",
RU-KK,2403,RU,"Khakasiya, Respublika",
RU-KL,2404,RU,"Kalmykiya, Respublika",
RU-KLU,2405,RU,"Kaluzhskaya oblast'",
RU-KO,2406,RU,"Komi, Respublika",
RU-KOS,2407,RU,"Kostromskaya oblast'",
RU-KR,2408,RU,"Kareliya, Respublika",
RU-KRS,2409,RU,"Kurskaya oblast'",
RU-KYA,2410,RU,"Krasnoyarskiy kray",
RU-LEN,2411,RU,"Leningradskaya oblast'",
RU-LIP,2412,RU,"Lipetskaya oblast'",
RU-MAG,2413,RU,"Magadanskaya oblast'",
RU-ME,2414,RU,"Mariy El, Respublika",
RU-MO,2415,RU,"Mordoviya, Respublika",
RU-MOS,2416,RU,"Moskovskaya oblast'",
RU-MOW,2417,RU,"Moskva",
RU-MUR,2418,RU,"Murmanskaya oblast'",
RU-NEN,2419,RU,"Nenetskiy avtonomnyy okrug",
RU-NGR,2420,RU,"Novgorodskaya oblast'",
RU-NIZ,2421,RU,"Nizhegorodskaya oblast'",
RU-NVS,2422,RU,"Novosibirskaya oblast'",
RU-OMS,2423,RU,"Omskaya oblast'",
RU-ORE,2424,RU,"Orenburgskaya oblast'",
RU-ORL,2425,RU,"Orlovskaya oblast'",
RU-PER,2426,RU,"Permskiy kray",
RU-PNZ,2427,RU,"Penzenskaya oblast'",
RU-PRI,2428,RU,"Primorskiy kray",
RU-PSK,2429,RU,"Pskovskaya oblast'",
RU-ROS,2430,RU,"Rostovskaya oblast'",
RU-RYA,2431,RU,"Ryazanskaya oblast'",
RU-SA,2432,RU,"Saha, Respublika",
RU-SAK,2433,RU,"Sakhalinskaya oblast'",
RU-SAM,2434,RU,"Samarskaya oblast'",
RU-SAR,2435,RU,"Saratovskaya oblast'",
RU-SE,2436,RU,"Severnaya Osetiya, Respublika",
RU-SMO,2437,RU,"Smolenskaya oblast'",
RU-SPE,2438,RU,"Sankt-Peterburg",
RU-STA,2439,RU,"Stavropol'skiy kray",
RU-SVE,2440,RU,"Sverdlovskaya oblast'",
RU-TA,2441,RU,"Tatarstan, Respublika",
RU-TAM,2442,RU,"Tambovskaya oblast'",
RU-TOM,2443,RU,"Tomskaya oblast'",
RU-TUL,2444,RU,"Tul'skaya oblast'",
RU-TVE,2445,RU,"Tverskaya oblast'",
RU-TY,2446,RU,"Tyva, Respublika",
RU-TYU,2447,RU,"Tyumenskaya oblast'",
RU-UD,2448,RU,"Udmurtskaya Respublika",
RU-ULY,2449,RU,"Ul'yanovskaya oblast'",
RU-VGG,2450,RU,"Volgogradskaya oblast'",
RU-VLA,2451,RU,"Vladimirskaya oblast'",
RU-VLG,2452,RU,"Vologodskaya oblast'",
RU-VOR,2453,RU,"Voronezhskaya oblast'",
RU-YAN,2454,RU,"Yamalo-Nenetskiy avtonomnyy okrug",
RU-YAR,2455,RU,"Yaroslavskaya oblast'",
RU-YEV,2456,RU,"Yevreyskaya avtonomnaya oblast'",
RU-ZAB,2457,RU,"Zabaykal'skiy kray",
RW-01,2458,RW,"Ville de Kigali",
RW-02,2459,RW,"Est",
RW-03,2460,RW,"Nord",
RW-04,2461,RW,"Ouest",
RW-05,2462,RW,"Sud",
SA-01,2463,SA,"Ar Riyad",
SA-02,2464,SA,"Makkah al Mukarramah",
SA-03,2465,SA,"Al Madinah al Munawwarah",
SA-04,2466,SA,"Ash Sharqiyah",
SA-05,2467,SA,"Al Qasim",
SA-06,2468,SA,"Ha'il",
SA-07,2469,SA,"Tabuk",
SA-08,2470,SA,"Al Hudud ash Shamaliyah",
SA-09,2471,SA,"Jazan",
SA-10,2472,SA,"Najran",
SA-11,2473,SA,"Al Bahah",
SA-12,2474,SA,"Al Jawf",
SA-14,2475,SA,"'Asir",
SB-CH,2476,SB,"Choiseul",
SB-GU,2477,SB,"Guadalcanal",
SB-WE,2478,SB,"Western",
SC-01,2479,SC,"Anse aux Pins",
SC-02,2480,SC,"Anse Boileau",
SC-05,2481,SC,"Anse Royale",
SC-06,2482,SC,"Baie Lazare",
SC-07,2483,SC,"Baie Sainte Anne",
SC-08,2484,SC,"Beau Vallon",
SC-10,2485,SC,"Bel Ombre",
SC-11,2486,SC,"Cascade",
SC-13,2487,SC,"Grand Anse Mahe",
SC-14,2488,SC,"Grand Anse Praslin",
SC-15,2489,SC,"La Digue",
SC-16,2490,SC,"English River",
SC-20,2491,SC,"Pointe Larue",
SC-23,2492,SC,"Takamaka",
SD-DC,2493,SD,"Central Darfur",
SD-DN,2494,SD,"North Darfur",
SD-DS,2495,SD,"South Darfur",
SD-DW,2496,SD,"West Darfur",
SD-GD,2497,SD,"Gedaref",
SD-GK,2498,SD,"West Kordofan",
SD-GZ,2499,SD,"Gezira",
SD-KA,2500,SD,"Kassala",
SD-KH,2501,SD,"Khartoum",
SD-KN,2502,SD,"North Kordofan",
SD-KS,2503,SD,"South Kordofan",
SD-NB,2504,SD,"Blue Nile",
SD-NO,2505,SD,"Northern",
SD-NR,2506,SD,"River Nile",
SD-NW,2507,SD,"White Nile",
SD-RS,2508,SD,"Red Sea",
SD-SI,2509,SD,"Sennar",
SE-AB,2510,SE,"Stockholms lan",
SE-AC,2511,SE,"Vasterbottens lan",
SE-BD,2512,SE,"Norrbottens lan",
SE-C,2513,SE,"Uppsala lan",
SE-D,2514,SE,"Sodermanlands lan",
SE-E,2515,SE,"Ostergotlands lan",
SE-F,2516,SE,"Jonkopings lan",
SE-G,2517,SE,"Kronobergs lan",
SE-H,2518,SE,"Kalmar lan",
SE-I,2519,SE,"Gotlands lan",
SE-K,2520,SE,"Blekinge lan",
SE-M,2521,SE,"Skane lan",
SE-N,2522,SE,"Hallands lan",
SE-O,2523,SE,"Vastra Gotalands lan",
SE-S,2524,SE,"Varmlands lan",
SE-T,2525,SE,"Orebro lan",
SE-U,2526,SE,"Vastmanlands lan",
SE-W,2527,SE,"Dalarnas lan",
SE-X,2528,SE,"Gavleborgs lan",
SE-Y,2529,SE,"Vasternorrlands lan",
SE-Z,2530,SE,"Jamtlands lan",
SH-HL,2531,SH,"Saint Helena",
SI-001,2532,SI,"Ajdovscina",
SI-002,2533,SI,"Beltinci",
SI-003,2534,SI,"Bled",
SI-004,2535,SI,"Bohinj",
SI-005,2536,SI,"Borovnica",
SI-006,2537,SI,"Bovec",
SI-007,2538,SI,"Brda",
SI-008,2539,SI,"Brezovica",
SI-009,2540,SI,"Brezice",
SI-010,2541,SI,"Tisina",
SI-011,2542,SI,"Celje",
SI-012,2543,SI,"Cerklje na Gorenjskem",
SI-013,2544,SI,"Cerknica",
SI-014,2545,SI,"Cerkno",
SI-015,2546,SI,"Crensovci",
SI-017,2547,SI,"Crnomelj",
SI-018,2548,SI,"Destrnik",
SI-019,2549,SI,"Divaca",
SI-020,2550,SI,"Dobrepolje",
SI-021,2551,SI,"Dobrova-Polhov Gradec",
SI-023,2552,SI,"Domzale",
SI-024,2553,SI,"Dornava",
SI-025,2554,SI,"Dravograd",
SI-026,2555,SI,"Duplek",
SI-029,2556,SI,"Gornja Radgona",
SI-031,2557,SI,"Gornji Petrovci",
SI-032,2558,SI,"Grosuplje",
SI-033,2559,SI,"Salovci",
SI-034,2560,SI,"Hrastnik",
SI-035,2561,SI,"Hrpelje-Kozina",
SI-036,2562,SI,"Idrija",
SI-037,2563,SI,"Ig",
SI-038,2564,SI,"Ilirska Bistrica",
SI-039,2565,SI,"Ivancna Gorica",
SI-040,2566,SI,"Izola",
SI-041,2567,SI,"Jesenice",
SI-042,2568,SI,"Jursinci",
SI-043,2569,SI,"Kamnik",
SI-044,2570,SI,"Kanal",
SI-045,2571,SI,"Kidricevo",
SI-046,2572,SI,"Kobarid",
SI-047,2573,SI,"Kobilje",
SI-048,2574,SI,"Kocevje",
SI-049,2575,SI,"Komen",
SI-050,2576,SI,"Koper",
SI-052,2577,SI,"Kranj",
SI-053,2578,SI,"Kranjska Gora",
SI-054,2579,SI,"Krsko",
SI-055,2580,SI,"Kungota",
SI-056,2581,SI,"Kuzma",
SI-057,2582,SI,"Lasko",
SI-058,2583,SI,"Lenart",
SI-059,2584,SI,"Lendava",
SI-060,2585,SI,"Litija",
SI-061,2586,SI,"Ljubljana",
SI-063,2587,SI,"Ljutomer",
SI-064,2588,SI,"Logatec",
SI-065,2589,SI,"Loska dolina",
SI-066,2590,SI,"Loski Potok",
SI-067,2591,SI,"Luce",
SI-068,2592,SI,"Lukovica",
SI-069,2593,SI,"Majsperk",
SI-070,2594,SI,"Maribor",
SI-071,2595,SI,"Medvode",
SI-072,2596,SI,"Menges",
SI-073,2597,SI,"Metlika",
SI-074,2598,SI,"Mezica",
SI-075,2599,SI,"Miren-Kostanjevica",
SI-076,2600,SI,"Mislinja",
SI-077,2601,SI,"Moravce",
SI-079,2602,SI,"Mozirje",
SI-080,2603,SI,"Murska Sobota",
SI-081,2604,SI,"Muta",
SI-082,2605,SI,"Naklo",
SI-083,2606,SI,"Nazarje",
SI-084,2607,SI,"Nova Gorica",
SI-085,2608,SI,"Novo Mesto",
SI-086,2609,SI,"Odranci",
SI-087,2610,SI,"Ormoz",
SI-090,2611,SI,"Piran",
SI-091,2612,SI,"Pivka",
SI-092,2613,SI,"Podcetrtek",
SI-094,2614,SI,"Postojna",
SI-095,2615,SI,"Preddvor",
SI-096,2616,SI,"Ptuj",
SI-097,2617,SI,"Puconci",
SI-098,2618,SI,"Race-Fram",
SI-099,2619,SI,"Radece",
SI-100,2620,SI,"Radenci",
SI-101,2621,SI,"Radlje ob Dravi",
SI-102,2622,SI,"Radovljica",
SI-103,2623,SI,"Ravne na Koroskem",
SI-104,2624,SI,"Ribnica",
SI-105,2625,SI,"Rogasovci",
SI-106,2626,SI,"Rogaska Slatina",
SI-108,2627,SI,"Ruse",
SI-109,2628,SI,"Semic",
SI-110,2629,SI,"Sevnica",
SI-111,2630,SI,"Sezana",
SI-112,2631,SI,"Slovenj Gradec",
SI-113,2632,SI,"Slovenska Bistrica",
SI-114,2633,SI,"Slovenske Konjice",
SI-115,2634,SI,"Starse",
SI-116,2635,SI,"Sveti Jurij ob Scavnici",
SI-117,2636,SI,"Sencur",
SI-118,2637,SI,"Sentilj",
SI-119,2638,SI,"Sentjernej",
SI-120,2639,SI,"Sentjur",
SI-121,2640,SI,"Skocjan",
SI-122,2641,SI,"Skofja Loka",
SI-123,2642,SI,"Skofljica",
SI-124,2643,SI,"Smarje pri Jelsah",
SI-125,2644,SI,"Smartno ob Paki",
SI-126,2645,SI,"Sostanj",
SI-127,2646,SI,"Store",
SI-128,2647,SI,"Tolmin",
SI-129,2648,SI,"Trbovlje",
SI-130,2649,SI,"Trebnje",
SI-131,2650,SI,"Trzic",
SI-132,2651,SI,"Turnisce",
SI-133,2652,SI,"Velenje",
SI-134,2653,SI,"Velike Lasce",
SI-135,2654,SI,"Videm",
SI-136,2655,SI,"Vipava",
SI-137,2656,SI,"Vitanje",
SI-138,2657,SI,"Vodice",
SI-139,2658,SI,"Vojnik",
SI-140,2659,SI,"Vrhnika",
SI-141,2660,SI,"Vuzenica",
SI-142,2661,SI,"Zagorje ob Savi",
SI-143,2662,SI,"Zavrc",
SI-144,2663,SI,"Zrece",
SI-146,2664,SI,"Zelezniki",
SI-147,2665,SI,"Ziri",
SI-148,2666,SI,"Benedikt",
SI-149,2667,SI,"Bistrica ob Sotli",
SI-150,2668,SI,"Bloke",
SI-151,2669,SI,"Braslovce",
SI-152,2670,SI,"Cankova",
SI-154,2671,SI,"Dobje",
SI-155,2672,SI,"Dobrna",
SI-156,2673,SI,"Dobrovnik",
SI-158,2674,SI,"Grad",
SI-159,2675,SI,"Hajdina",
SI-160,2676,SI,"Hoce-Slivnica",
SI-161,2677,SI,"Hodos",
SI-162,2678,SI,"Horjul",
SI-164,2679,SI,"Komenda",
SI-165,2680,SI,"Kostel",
SI-166,2681,SI,"Krizevci",
SI-167,2682,SI,"Lovrenc na Pohorju",
SI-168,2683,SI,"Markovci",
SI-169,2684,SI,"Miklavz na Dravskem polju",
SI-170,2685,SI,"Mirna Pec",
SI-171,2686,SI,"Oplotnica",
SI-172,2687,SI,"Podlehnik",
SI-173,2688,SI,"Polzela",
SI-174,2689,SI,"Prebold",
SI-175,2690,SI,"Prevalje",
SI-176,2691,SI,"Razkrizje",
SI-179,2692,SI,"Sodrazica",
SI-180,2693,SI,"Solcava",
SI-182,2694,SI,"Sveti Andraz v Slovenskih Goricah",
SI-183,2695,SI,"Sempeter-Vrtojba",
SI-184,2696,SI,"Tabor",
SI-185,2697,SI,"Trnovska Vas",
SI-186,2698,SI,"Trzin",
SI-187,2699,SI,"Velika Polana",
SI-188,2700,SI,"Verzej",
SI-189,2701,SI,"Vransko",
SI-190,2702,SI,"Zalec",
SI-191,2703,SI,"Zetale",
SI-193,2704,SI,"Zuzemberk",
SI-194,2705,SI,"Smartno pri Litiji",
SI-195,2706,SI,"Apace",
SI-196,2707,SI,"Cirkulane",
SI-197,2708,SI,"Kosanjevica na Krki",
SI-198,2709,SI,"Makole",
SI-199,2710,SI,"Mokronog-Trebelno",
SI-200,2711,SI,"Poljcane",
SI-201,2712,SI,"Rence-Vogrsko",
SI-203,2713,SI,"Straza",
SI-204,2714,SI,"Sveta Trojica v Slovenskih goricah",
SI-205,2715,SI,"Sveti Tomaz",
SI-206,2716,SI,"Smarjeske Toplice",
SI-207,2717,SI,"Gorje",
SI-208,2718,SI,"Log-Dragomer",
SI-209,2719,SI,"Recica ob Savinji",
SI-210,2720,SI,"Sveti Jurij v Slovenskih goricah",
SI-211,2721,SI,"Sentrupert",
SI-212,2722,SI,"Mirna",
SI-213,2723,SI,"Ankaran",
SK-BC,2724,SK,"Banskobystricky kraj",
SK-BL,2725,SK,"Bratislavsky kraj",
SK-KI,2726,SK,"Kosicky kraj",
SK-NI,2727,SK,"Nitriansky kraj",
SK-PV,2728,SK,"Presovsky kraj",
SK-TA,2729,SK,"Trnavsky kraj",
SK-TC,2730,SK,"Trenciansky kraj",
SK-ZI,2731,SK,"Zilinsky kraj",
SL-E,2732,SL,"Eastern",
SL-N,2733,SL,"Northern",
SL-NW,2734,SL,"North Western",
SL-S,2735,SL,"Southern",
SL-W,2736,SL,"Western Area",
SM-02,2737,SM,"Chiesanuova",
SM-04,2738,SM,"Faetano",
SM-07,2739,SM,"Citta di San Marino",
SM-09,2740,SM,"Serravalle",
SN-DB,2741,SN,"Diourbel",
SN-DK,2742,SN,"Dakar",
SN-FK,2743,SN,"Fatick",
SN-KA,2744,SN,"Kaffrine",
SN-KD,2745,SN,"Kolda",
SN-KE,2746,SN,"Kedougou",
SN-KL,2747,SN,"Kaolack",
SN-LG,2748,SN,"Louga",
SN-MT,2749,SN,"Matam",
SN-SL,2750,SN,"Saint-Louis",
SN-TC,2751,SN,"Tambacounda",
SN-TH,2752,SN,"Thies",
SN-ZG,2753,SN,"Ziguinchor",
SO-AW,2754,SO,"Awdal",
SO-BN,2755,SO,"Banaadir",
SO-BR,2756,SO,"Bari",
SO-BY,2757,SO,"Bay",
SO-GA,2758,SO,"Galguduud",
SO-HI,2759,SO,"Hiiraan",
SO-JH,2760,SO,"Jubbada Hoose",
SO-MU,2761,SO,"Mudug",
SO-NU,2762,SO,"Nugaal",
SO-SH,2763,SO,"Shabeellaha Hoose",
SO-SO,2764,SO,"Sool",
SO-TO,2765,SO,"Togdheer",
SO-WO,2766,SO,"Woqooyi Galbeed",
SR-BR,2767,SR,"Brokopondo",
SR-CM,2768,SR,"Commewijne",
SR-CR,2769,SR,"Coronie",
SR-MA,2770,SR,"Marowijne",
SR-NI,2771,SR,"Nickerie",
SR-PM,2772,SR,"Paramaribo",
SR-PR,2773,SR,"Para",
SR-SA,2774,SR,"Saramacca",
SR-SI,2775,SR,"Sipaliwini",
SR-WA,2776,SR,"Wanica",
SS-BN,2777,SS,"Northern Bahr el Ghazal",
SS-EC,2778,SS,"Central Equatoria",
SS-EE,2779,SS,"Eastern Equatoria",
SS-EW,2780,SS,"Western Equatoria",
SS-NU,2781,SS,"Upper Nile",
SS-UY,2782,SS,"Unity",
ST-01,2783,ST,"Agua Grande",
SV-AH,2784,SV,"Ahuachapan",
SV-CA,2785,SV,"Cabanas",
SV-CH,2786,SV,"Chalatenango",
SV-CU,2787,SV,"Cuscatlan",
SV-LI,2788,SV,"La Libertad",
SV-MO,2789,SV,"Morazan",
SV-PA,2790,SV,"La Paz",
SV-SA,2791,SV,"Santa Ana",
SV-SM,2792,SV,"San Miguel",
SV-SO,2793,SV,"Sonsonate",
SV-SS,2794,SV,"San Salvador",
SV-SV,2795,SV,"San Vicente",
SV-UN,2796,SV,"La Union",
SV-US,2797,SV,"Usulutan",
SY-DI,2798,SY,"Dimashq",
SY-DR,2799,SY,"Dar'a",
SY-DY,2800,SY,"Dayr az Zawr",
SY-HA,2801,SY,"Al Hasakah",
SY-HI,2802,SY,"Hims",
SY-HL,2803,SY,"Halab",
SY-HM,2804,SY,"Hamah",
SY-ID,2805,SY,"Idlib",
SY-LA,2806,SY,"Al Ladhiqiyah",
SY-QU,2807,SY,"Al Qunaytirah",
SY-RA,2808,SY,"Ar Raqqah",
SY-RD,2809,SY,"Rif Dimashq",
SY-SU,2810,SY,"As Suwayda'",
SY-TA,2811,SY,"Tartus",
SZ-HH,2812,SZ,"Hhohho",
SZ-LU,2813,SZ,"Lubombo",
SZ-MA,2814,SZ,"Manzini",
TD-BG,2815,TD,"Bahr el Ghazal",
TD-CB,2816,TD,"Chari-Baguirmi",
TD-GR,2817,TD,"Guera",
TD-LC,2818,TD,"Lac",
TD-LR,2819,TD,"Logone-Oriental",
TD-ND,2820,TD,"Ville de Ndjamena",
TD-OD,2821,TD,"Ouaddai",
TG-C,2822,TG,"Centrale",
TG-K,2823,TG,"Kara",
TG-M,2824,TG,"Maritime",
TG-P,2825,TG,"Plateaux",
TG-S,2826,TG,"Savanes",
TH-10,2827,TH,"Krung Thep Maha Nakhon",
TH-11,2828,TH,"Samut Prakan",
TH-12,2829,TH,"Nonthaburi",
TH-13,2830,TH,"Pathum Thani",
TH-14,2831,TH,"Phra Nakhon Si Ayutthaya",
TH-15,2832,TH,"Ang Thong",
TH-16,2833,TH,"Lop Buri",
TH-17,2834,TH,"Sing Buri",
TH-18,2835,TH,"Chai Nat",
TH-19,2836,TH,"Saraburi",
TH-20,2837,TH,"Chon Buri",
TH-21,2838,TH,"Rayong",
TH-22,2839,TH,"Chanthaburi",
TH-23,2840,TH,"Trat",
TH-24,2841,TH,"Chachoengsao",
TH-25,2842,TH,"Prachin Buri",
TH-26,2843,TH,"Nakhon Nayok",
TH-27,2844,TH,"Sa Kaeo",
TH-30,2845,TH,"Nakhon Ratchasima",
TH-31,2846,TH,"Buri Ram",
TH-32,2847,TH,"Surin",
TH-33,2848,TH,"Si Sa Ket",
TH-34,2849,TH,"Ubon Ratchathani",
TH-35,2850,TH,"Yasothon",
TH-36,2851,TH,"Chaiyaphum",
TH-37,2852,TH,"Amnat Charoen",
TH-38,2853,TH,"Bueng Kan",
TH-39,2854,TH,"Nong Bua Lam Phu",
TH-40,2855,TH,"Khon Kaen",
TH-41,2856,TH,"Udon Thani",
TH-42,2857,TH,"Loei",
TH-43,2858,TH,"Nong Khai",
TH-44,2859,TH,"Maha Sarakham",
TH-45,2860,TH,"Roi Et",
TH-46,2861,TH,"Kalasin",
TH-47,2862,TH,"Sakon Nakhon",
TH-48,2863,TH,"Nakhon Phanom",
TH-49,2864,TH,"Mukdahan",
TH-50,2865,TH,"Chiang Mai",
TH-51,2866,TH,"Lamphun",
TH-52,2867,TH,"Lampang",
TH-53,2868,TH,"Uttaradit",
TH-54,2869,TH,"Phrae",
TH-55,2870,TH,"Nan",
TH-56,2871,TH,"Phayao",
TH-57,2872,TH,"Chiang Rai",
TH-58,2873,TH,"Mae Hong Son",
TH-60,2874,TH,"Nakhon Sawan",
TH-61,2875,TH,"Uthai Thani",
TH-62,2876,TH,"Kamphaeng Phet",
TH-63,2877,TH,"Tak",
TH-64,2878,TH,"Sukhothai",
TH-65,2879,TH,"Phitsanulok",
TH-66,2880,TH,"Phichit",
TH-67,2881,TH,"Phetchabun",
TH-70,2882,TH,"Ratchaburi",
TH-71,2883,TH,"Kanchanaburi",
TH-72,2884,TH,"Suphan Buri",
TH-73,2885,TH,"Nakhon Pathom",
TH-74,2886,TH,"Samut Sakhon",
TH-75,2887,TH,"Samut Songkhram",
TH-76,2888,TH,"Phetchaburi",
TH-77,2889,TH,"Prachuap Khiri Khan",
TH-80,2890,TH,"Nakhon Si Thammarat",
TH-81,2891,TH,"Krabi",
TH-82,2892,TH,"Phangnga",
TH-83,2893,TH,"Phuket",
TH-84,2894,TH,"Surat Thani",
TH-85,2895,TH,"Ranong",
TH-86,2896,TH,"Chumphon",
TH-90,2897,TH,"Songkhla",
TH-91,2898,TH,"Satun",
TH-92,2899,TH,"Trang",
TH-93,2900,TH,"Phatthalung",
TH-94,2901,TH,"Pattani",
TH-95,2902,TH,"Yala",
TH-96,2903,TH,"Narathiwat",
TJ-DU,2904,TJ,"Dushanbe",
TJ-GB,2905,TJ,"Kuhistoni Badakhshon",
TJ-KT,2906,TJ,"Khatlon",
TJ-RA,2907,TJ,"Nohiyahoi Tobei Jumhuri",
TJ-SU,2908,TJ,"Sughd",
TL-AL,2909,TL,"Aileu",
TL-AN,2910,TL,"Ainaro",
TL-DI,2911,TL,"Dili",
TL-LI,2912,TL,"Liquica",
TM-A,2913,TM,"Ahal",
TM-B,2914,TM,"Balkan",
TM-D,2915,TM,"Dasoguz",
TM-L,2916,TM,"Lebap",
TM-M,2917,TM,"Mary",
TN-11,2918,TN,"Tunis",
TN-12,2919,TN,"L'Ariana",
TN-13,2920,TN,"Ben Arous",
TN-14,2921,TN,"La Manouba",
TN-21,2922,TN,"Nabeul",
TN-22,2923,TN,"Zaghouan",
TN-23,2924,TN,"Bizerte",
TN-31,2925,TN,"Beja",
TN-32,2926,TN,"Jendouba",
TN-33,2927,TN,"Le Kef",
TN-34,2928,TN,"Siliana",
TN-41,2929,TN,"Kairouan",
TN-42,2930,TN,"Kasserine",
TN-43,2931,TN,"Sidi Bouzid",
TN-51,2932,TN,"Sousse",
TN-52,2933,TN,"Monastir",
TN-53,2934,TN,"Mahdia",
TN-61,2935,TN,"Sfax",
TN-71,2936,TN,"Gafsa",
TN-72,2937,TN,"Tozeur",
TN-73,2938,TN,"Kebili",
TN-81,2939,TN,"Gabes",
TN-82,2940,TN,"Medenine",
TN-83,2941,TN,"Tataouine",
TO-01,2942,TO,"'Eua",
TO-02,2943,TO,"Ha'apai",
TO-03,2944,TO,"Niuas",
TO-04,2945,TO,"Tongatapu",
TO-05,2946,TO,"Vava'u",
TR-01,2947,TR,"Adana",
TR-02,2948,TR,"Adiyaman",
TR-03,2949,TR,"Afyonkarahisar",
TR-04,2950,TR,"Agri",
TR-05,2951,TR,"Amasya",
TR-06,2952,TR,"Ankara",
TR-07,2953,TR,"Antalya",
TR-08,2954,TR,"Artvin",
TR-09,2955,TR,"Aydin",
TR-10,2956,TR,"Balikesir",
TR-11,2957,TR,"Bilecik",
TR-12,2958,TR,"Bingol",
TR-13,2959,TR,"Bitlis",
TR-14,2960,TR,"Bolu",
TR-15,2961,TR,"Burdur",
TR-16,2962,TR,"Bursa",
TR-17,2963,TR,"Canakkale",
TR-18,2964,TR,"Cankiri",
TR-19,2965,TR,"Corum",
TR-20,2966,TR,"Denizli",
TR-21,2967,TR,"Diyarbakir",
TR-22,2968,TR,"Edirne",
TR-23,2969,TR,"Elazig",
TR-24,2970,TR,"Erzincan",
TR-25,2971,TR,"Erzurum",
TR-26,2972,TR,"Eskisehir",
TR-27,2973,TR,"Gaziantep",
TR-28,2974,TR,"Giresun",
TR-29,2975,TR,"Gumushane",
TR-30,2976,TR,"Hakkari",
TR-31,2977,TR,"Hatay",
TR-32,2978,TR,"Isparta",
TR-33,2979,TR,"Mersin",
TR-34,2980,TR,"Istanbul",
TR-35,2981,TR,"Izmir",
TR-36,2982,TR,"Kars",
TR-37,2983,TR,"Kastamonu",
TR-38,2984,TR,"Kayseri",
TR-39,2985,TR,"Kirklareli",
TR-40,2986,TR,"Kirsehir",
TR-41,2987,TR,"Kocaeli",
TR-42,2988,TR,"Konya",
TR-43,2989,TR,"Kutahya",
TR-44,2990,TR,"Malatya",
TR-45,2991,TR,"Manisa",
TR-46,2992,TR,"Kahramanmaras",
TR-47,2993,TR,"Mardin",
TR-48,2994,TR,"Mugla",
TR-49,2995,TR,"Mus",
TR-50,2996,TR,"Nevsehir",
TR-51,2997,TR,"Nigde",
TR-52,2998,TR,"Ordu",
TR-53,2999,TR,"Rize",
TR-54,3000,TR,"Sakarya",
TR-55,3001,TR,"Samsun",
TR-56,3002,TR,"Siirt",
TR-57,3003,TR,"Sinop",
TR-58,3004,TR,"Sivas",
TR-59,3005,TR,"Tekirdag",
TR-60,3006,TR,"Tokat",
TR-61,3007,TR,"Trabzon",
TR-62,3008,TR,"Tunceli",
TR-63,3009,TR,"Sanliurfa",
TR-64,3010,TR,"Usak",
TR-65,3011,TR,"Van",
TR-66,3012,TR,"Yozgat",
TR-67,3013,TR,"Zonguldak",
TR-68,3014,TR,"Aksaray",
TR-69,3015,TR,"Bayburt",
TR-70,3016,TR,"Karaman",
TR-71,3017,TR,"Kirikkale",
TR-72,3018,TR,"Batman",
TR-73,3019,TR,"Sirnak",
TR-74,3020,TR,"Bartin",
TR-75,3021,TR,"Ardahan",
TR-76,3022,TR,"Igdir",
TR-77,3023,TR,"Yalova",
TR-78,3024,TR,"Karabuk",
TR-79,3025,TR,"Kilis",
TR-80,3026,TR,"Osmaniye",
TR-81,3027,TR,"Duzce",
TT-ARI,3028,TT,"Arima",
TT-CHA,3029,TT,"Chaguanas",
TT-CTT,3030,TT,"Couva-Tabaquite-Talparo",
TT-DMN,3031,TT,"Diego Martin",
TT-MRC,3032,TT,"Mayaro-Rio Claro",
TT-PED,3033,TT,"Penal-Debe",
TT-POS,3034,TT,"Port of Spain",
TT-PRT,3035,TT,"Princes Town",
TT-PTF,3036,TT,"Point Fortin",
TT-SFO,3037,TT,"San Fernando",
TT-SGE,3038,TT,"Sangre Grande",
TT-SIP,3039,TT,"Siparia",
TT-SJL,3040,TT,"San Juan-Laventille",
TT-TOB,3041,TT,"Tobago",
TT-TUP,3042,TT,"Tunapuna-Piarco",
TV-FUN,3043,TV,"Funafuti",
TW-CHA,3044,TW,"Changhua",
TW-CYQ,3045,TW,"Chiayi",
TW-HSQ,3046,TW,"Hsinchu",
TW-HUA,3047,TW,"Hualien",
TW-ILA,3048,TW,"Yilan",
TW-KEE,3049,TW,"Keelung",
TW-KHH,3050,TW,"Kaohsiung",
TW-KIN,3051,TW,"Kinmen",
TW-LIE,3052,TW,"Lienchiang",
TW-MIA,3053,TW,"Miaoli",
TW-NAN,3054,TW,"Nantou",
TW-NWT,3055,TW,"New Taipei",
TW-PEN,3056,TW,"Penghu",
TW-PIF,3057,TW,"Pingtung",
TW-TAO,3058,TW,"Taoyuan",
TW-TNN,3059,TW,"Tainan",
TW-TPE,3060,TW,"Taipei",
TW-TTT,3061,TW,"Taitung",
TW-TXG,3062,TW,"Taichung",
TW-YUN,3063,TW,"Yunlin",
TZ-01,3064,TZ,"Arusha",
TZ-02,3065,TZ,"Dar es Salaam",
TZ-03,3066,TZ,"Dodoma",
TZ-04,3067,TZ,"Iringa",
TZ-05,3068,TZ,"Kagera",
TZ-06,3069,TZ,"Kaskazini Pemba",
TZ-07,3070,TZ,"Kaskazini Unguja",
TZ-08,3071,TZ,"Kigoma",
TZ-09,3072,TZ,"Kilimanjaro",
TZ-10,3073,TZ,"Kusini Pemba",
TZ-11,3074,TZ,"Kusini Unguja",
TZ-12,3075,TZ,"Lindi",
TZ-13,3076,TZ,"Mara",
TZ-14,3077,TZ,"Mbeya",
TZ-15,3078,TZ,"Mjini Magharibi",
TZ-16,3079,TZ,"Morogoro",
TZ-17,3080,TZ,"Mtwara",
TZ-18,3081,TZ,"Mwanza",
TZ-19,3082,TZ,"Pwani",
TZ-20,3083,TZ,"Rukwa",
TZ-21,3084,TZ,"Ruvuma",
TZ-22,3085,TZ,"Shinyanga",
TZ-23,3086,TZ,"Singida",
TZ-24,3087,TZ,"Tabora",
TZ-25,3088,TZ,"Tanga",
TZ-26,3089,TZ,"Manyara",
TZ-27,3090,TZ,"Geita",
TZ-28,3091,TZ,"Katavi",
TZ-29,3092,TZ,"Njombe",
TZ-30,3093,TZ,"Simiyu",
TZ-31,3094,TZ,"Songwe",
UA-05,3095,UA,"Vinnytska oblast",
UA-07,3096,UA,"Volynska oblast",
UA-09,3097,UA,"Luhanska oblast",
UA-12,3098,UA,"Dnipropetrovska oblast",
UA-14,3099,UA,"Donetska oblast",
UA-18,3100,UA,"Zhytomyrska oblast",
UA-21,3101,UA,"Zakarpatska oblast",
UA-23,3102,UA,"Zaporizka oblast",
UA-26,3103,UA,"Ivano-Frankivska oblast",
UA-30,3104,UA,"Kyiv",
UA-32,3105,UA,"Kyivska oblast",
UA-35,3106,UA,"Kirovohradska oblast",
UA-40,3107,UA,"Sevastopol",
UA-43,3108,UA,"Avtonomna Respublika Krym",
UA-46,3109,UA,"Lvivska oblast",
UA-48,3110,UA,"Mykolaivska oblast",
UA-51,3111,UA,"Odeska oblast",
UA-53,3112,UA,"Poltavska oblast",
UA-56,3113,UA,"Rivnenska oblast",
UA-59,3114,UA,"Sumska oblast",
UA-61,3115,UA,"Ternopilska oblast",
UA-63,3116,UA,"Kharkivska oblast",
UA-65,3117,UA,"Khersonska oblast",
UA-68,3118,UA,"Khmelnytska oblast",
UA-71,3119,UA,"Cherkaska oblast",
UA-74,3120,UA,"Chernihivska oblast",
UA-77,3121,UA,"Chernivetska oblast",
UG-101,3122,UG,"Kalangala",
UG-102,3123,UG,"Kampala",
UG-103,3124,UG,"Kiboga",
UG-104,3125,UG,"Luwero",
UG-105,3126,UG,"Masaka",
UG-106,3127,UG,"Mpigi",
UG-107,3128,UG,"Mubende",
UG-108,3129,UG,"Mukono",
UG-109,3130,UG,"Nakasongola",
UG-110,3131,UG,"Rakai",
UG-111,3132,UG,"Sembabule",
UG-112,3133,UG,"Kayunga",
UG-113,3134,UG,"Wakiso",
UG-114,3135,UG,"Lyantonde",
UG-115,3136,UG,"Mityana",
UG-116,3137,UG,"Nakaseke",
UG-117,3138,UG,"Buikwe",
UG-118,3139,UG,"Bukomansibi",
UG-120,3140,UG,"Buvuma",
UG-121,3141,UG,"Gomba",
UG-122,3142,UG,"Kalungu",
UG-123,3143,UG,"Kyankwanzi",
UG-124,3144,UG,"Lwengo",
UG-201,3145,UG,"Bugiri",
UG-202,3146,UG,"Busia",
UG-203,3147,UG,"Iganga",
UG-204,3148,UG,"Jinja",
UG-205,3149,UG,"Kamuli",
UG-206,3150,UG,"Kapchorwa",
UG-207,3151,UG,"Katakwi",
UG-209,3152,UG,"Mbale",
UG-211,3153,UG,"Soroti",
UG-212,3154,UG,"Tororo",
UG-213,3155,UG,"Kaberamaido",
UG-214,3156,UG,"Mayuge",
UG-215,3157,UG,"Sironko",
UG-218,3158,UG,"Bududa",
UG-219,3159,UG,"Bukedea",
UG-222,3160,UG,"Kaliro",
UG-223,3161,UG,"Manafwa",
UG-225,3162,UG,"Bulambuli",
UG-226,3163,UG,"Buyende",
UG-227,3164,UG,"Kibuku",
UG-228,3165,UG,"Kween",
UG-229,3166,UG,"Luuka",
UG-230,3167,UG,"Namayingo",
UG-301,3168,UG,"Adjumani",
UG-302,3169,UG,"Apac",
UG-303,3170,UG,"Arua",
UG-304,3171,UG,"Gulu",
UG-305,3172,UG,"Kitgum",
UG-307,3173,UG,"Lira",
UG-308,3174,UG,"Moroto",
UG-309,3175,UG,"Moyo",
UG-310,3176,UG,"Nebbi",
UG-311,3177,UG,"Nakapiripirit",
UG-312,3178,UG,"Pader",
UG-313,3179,UG,"Yumbe",
UG-314,3180,UG,"Abim",
UG-318,3181,UG,"Kaabong",
UG-319,3182,UG,"Koboko",
UG-320,3183,UG,"Maracha",
UG-321,3184,UG,"Oyam",
UG-322,3185,UG,"Agago",
UG-323,3186,UG,"Alebtong",
UG-325,3187,UG,"Kole",
UG-326,3188,UG,"Lamwo",
UG-327,3189,UG,"Napak",
UG-328,3190,UG,"Nwoya",
UG-330,3191,UG,"Zombo",
UG-401,3192,UG,"Bundibugyo",
UG-402,3193,UG,"Bushenyi",
UG-403,3194,UG,"Hoima",
UG-404,3195,UG,"Kabale",
UG-405,3196,UG,"Kabarole",
UG-406,3197,UG,"Kasese",
UG-407,3198,UG,"Kibaale",
UG-408,3199,UG,"Kisoro",
UG-409,3200,UG,"Masindi",
UG-410,3201,UG,"Mbarara",
UG-411,3202,UG,"Ntungamo",
UG-412,3203,UG,"Rukungiri",
UG-413,3204,UG,"Kamwenge",
UG-414,3205,UG,"Kanungu",
UG-415,3206,UG,"Kyenjojo",
UG-417,3207,UG,"Ibanda",
UG-418,3208,UG,"Isingiro",
UG-419,3209,UG,"Kiruhura",
UG-420,3210,UG,"Buhweju",
UG-421,3211,UG,"Kiryandongo",
UG-422,3212,UG,"Kyegegwa",
UG-423,3213,UG,"Mitooma",
UG-424,3214,UG,"Ntoroko",
UG-425,3215,UG,"Rubirizi",
UG-426,3216,UG,"Sheema",
UM-95,3217,UM,"Palmyra Atoll",
US-AK,3218,US,"Alaska",
US-AL,3219,US,"Alabama",
US-AR,3220,US,"Arkansas",
US-AZ,3221,US,"Arizona",
US-CA,3222,US,"California",
US-CO,3223,US,"Colorado",
US-CT,3224,US,"Connecticut",
US-DC,3225,US,"District of Columbia",
US-DE,3226,US,"Delaware",
US-FL,3227,US,"Florida",
US-GA,3228,US,"Georgia",
US-HI,3229,US,"Hawaii",
US-IA,3230,US,"Iowa",
US-ID,3231,US,"Idaho",
US-IL,3232,US,"Illinois",
US-IN,3233,US,"Indiana",
US-KS,3234,US,"Kansas",
US-KY,3235,US,"Kentucky",
US-LA,3236,US,"Louisiana",
US-MA,3237,US,"Massachusetts",
US-MD,3238,US,"Maryland",
US-ME,3239,US,"Maine",
US-MI,3240,US,"Michigan",
US-MN,3241,US,"Minnesota",
US-MO,3242,US,"Missouri",
US-MS,3243,US,"Mississippi",
US-MT,3244,US,"Montana",
US-NC,3245,US,"North Carolina",
US-ND,3246,US,"North Dakota",
US-NE,3247,US,"Nebraska",
US-NH,3248,US,"New Hampshire",
US-NJ,3249,US,"New Jersey",
US-NM,3250,US,"New Mexico",
US-NV,3251,US,"Nevada",
US-NY,3252,US,"New York",
US-OH,3253,US,"Ohio",
US-OK,3254,US,"Oklahoma",
US-OR,3255,US,"Oregon",
US-PA,3256,US,"Pennsylvania",
US-RI,3257,US,"Rhode Island",
US-SC,3258,US,"South Carolina",
US-SD,3259,US,"South Dakota",
US-TN,3260,US,"Tennessee",
US-TX,3261,US,"Texas",
US-UT,3262,US,"Utah",
US-VA,3263,US,"Virginia",
US-VT,3264,US,"Vermont",
US-WA,3265,US,"Washington",
US-WI,3266,US,"Wisconsin",
US-WV,3267,US,"West Virginia",
US-WY,3268,US,"Wyoming",
UY-AR,3269,UY,"Artigas",
UY-CA,3270,UY,"Canelones",
UY-CL,3271,UY,"Cerro Largo",
UY-CO,3272,UY,"Colonia",
UY-DU,3273,UY,"Durazno",
UY-FD,3274,UY,"Florida",
UY-FS,3275,UY,"Flores",
UY-LA,3276,UY,"Lavalleja",
UY-MA,3277,UY,"Maldonado",
UY-MO,3278,UY,"Montevideo",
UY-PA,3279,UY,"Paysandu",
UY-RN,3280,UY,"Rio Negro",
UY-RO,3281,UY,"Rocha",
UY-RV,3282,UY,"Rivera",
UY-SA,3283,UY,"Salto",
UY-SJ,3284,UY,"San Jose",
UY-SO,3285,UY,"Soriano",
UY-TA,3286,UY,"Tacuarembo",
UY-TT,3287,UY,"Treinta y Tres",
UZ-AN,3288,UZ,"Andijon",
UZ-BU,3289,UZ,"Buxoro",
UZ-FA,3290,UZ,"Farg'ona",
UZ-JI,3291,UZ,"Jizzax",
UZ-NG,3292,UZ,"Namangan",
UZ-NW,3293,UZ,"Navoiy",
UZ-QA,3294,UZ,"Qashqadaryo",
UZ-QR,3295,UZ,"Qoraqalpog'iston Respublikasi",
UZ-SA,3296,UZ,"Samarqand",
UZ-SI,3297,UZ,"Sirdaryo",
UZ-SU,3298,UZ,"Surxondaryo",
UZ-TK,3299,UZ,"Toshkent",
UZ-XO,3300,UZ,"Xorazm",
VC-01,3301,VC,"Charlotte",
VC-04,3302,VC,"Saint George",
VC-05,3303,VC,"Saint Patrick",
VC-06,3304,VC,"Grenadines",
VE-A,3305,VE,"Distrito Capital",
VE-B,3306,VE,"Anzoategui",
VE-C,3307,VE,"Apure",
VE-D,3308,VE,"Aragua",
VE-E,3309,VE,"Barinas",
VE-F,3310,VE,"Bolivar",
VE-G,3311,VE,"Carabobo",
VE-H,3312,VE,"Cojedes",
VE-I,3313,VE,"Falcon",
VE-J,3314,VE,"Guarico",
VE-K,3315,VE,"Lara",
VE-L,3316,VE,"Merida",
VE-M,3317,VE,"Miranda",
VE-N,3318,VE,"Monagas",
VE-O,3319,VE,"Nueva Esparta",
VE-P,3320,VE,"Portuguesa",
VE-R,3321,VE,"Sucre",
VE-S,3322,VE,"Tachira",
VE-T,3323,VE,"Trujillo",
VE-U,3324,VE,"Yaracuy",
VE-V,3325,VE,"Zulia",
VE-W,3326,VE,"Dependencias Federales",
VE-X,3327,VE,"La Guaira",
VE-Y,3328,VE,"Delta Amacuro",
VE-Z,3329,VE,"Amazonas",
VN-01,3330,VN,"Lai Chau",
VN-02,3331,VN,"Lao Cai",
VN-03,3332,VN,"Ha Giang",
VN-04,3333,VN,"Cao Bang",
VN-05,3334,VN,"Son La",
VN-06,3335,VN,"Yen Bai",
VN-07,3336,VN,"Tuyen Quang",
VN-09,3337,VN,"Lang Son",
VN-13,3338,VN,"Quang Ninh",
VN-14,3339,VN,"Hoa Binh",
VN-18,3340,VN,"Ninh Binh",
VN-20,3341,VN,"Thai Binh",
VN-21,3342,VN,"Thanh Hoa",
VN-22,3343,VN,"Nghe An",
VN-23,3344,VN,"Ha Tinh",
VN-24,3345,VN,"Quang Binh",
VN-25,3346,VN,"Quang Tri",
VN-26,3347,VN,"Thua Thien-Hue",
VN-27,3348,VN,"Quang Nam",
VN-28,3349,VN,"Kon Tum",
VN-29,3350,VN,"Quang Ngai",
VN-30,3351,VN,"Gia Lai",
VN-31,3352,VN,"Binh Dinh",
VN-32,3353,VN,"Phu Yen",
VN-33,3354,VN,"Dak Lak",
VN-34,3355,VN,"Khanh Hoa",
VN-35,3356,VN,"Lam Dong",
VN-36,3357,VN,"Ninh Thuan",
VN-37,3358,VN,"Tay Ninh",
VN-39,3359,VN,"Dong Nai",
VN-40,3360,VN,"Binh Thuan",
VN-41,3361,VN,"Long An",
VN-43,3362,VN,"Ba Ria - Vung Tau",
VN-44,3363,VN,"An Giang",
VN-45,3364,VN,"Dong Thap",
VN-46,3365,VN,"Tien Giang",
VN-47,3366,VN,"Kien Giang",
VN-49,3367,VN,"Vinh Long",
VN-50,3368,VN,"Ben Tre",
VN-51,3369,VN,"Tra Vinh",
VN-52,3370,VN,"Soc Trang",
VN-53,3371,VN,"Bac Kan",
VN-54,3372,VN,"Bac Giang",
VN-55,3373,VN,"Bac Lieu",
VN-56,3374,VN,"Bac Ninh",
VN-57,3375,VN,"Binh Duong",
VN-58,3376,VN,"Binh Phuoc",
VN-59,3377,VN,"Ca Mau",
VN-61,3378,VN,"Hai Duong",
VN-63,3379,VN,"Ha Nam",
VN-66,3380,VN,"Hung Yen",
VN-67,3381,VN,"Nam Dinh",
VN-68,3382,VN,"Phu Tho",
VN-69,3383,VN,"Thai Nguyen",
VN-70,3384,VN,"Vinh Phuc",
VN-71,3385,VN,"Dien Bien",
VN-72,3386,VN,"Dak Nong",
VN-73,3387,VN,"Hau Giang",
VN-CT,3388,VN,"Can Tho",
VN-DN,3389,VN,"Da Nang",
VN-HN,3390,VN,"Ha Noi",
VN-HP,3391,VN,"Hai Phong",
VN-SG,3392,VN,"Ho Chi Minh",
VU-SAM,3393,VU,"Sanma",
VU-SEE,3394,VU,"Shefa",
VU-TAE,3395,VU,"Tafea",
WF-SG,3396,WF,"Sigave",
WF-UV,3397,WF,"Uvea",
WS-AT,3398,WS,"Atua",
WS-FA,3399,WS,"Fa'asaleleaga",
WS-GI,3400,WS,"Gagaifomauga",
WS-TU,3401,WS,"Tuamasaga",
YE-AD,3402,YE,"'Adan",
YE-AM,3403,YE,"'Amran",
YE-BA,3404,YE,"Al Bayda'",
YE-DA,3405,YE,"Ad Dali'",
YE-DH,3406,YE,"Dhamar",
YE-HD,3407,YE,"Hadramawt",
YE-HJ,3408,YE,"Hajjah",
YE-HU,3409,YE,"Al Hudaydah",
YE-IB,3410,YE,"Ibb",
YE-JA,3411,YE,"Al Jawf",
YE-LA,3412,YE,"Lahij",
YE-MA,3413,YE,"Ma'rib",
YE-MW,3414,YE,"Al Mahwit",
YE-SA,3415,YE,"Amanat al 'Asimah",
YE-SD,3416,YE,"Sa'dah",
YE-SH,3417,YE,"Shabwah",
YE-SN,3418,YE,"San'a'",
YE-TA,3419,YE,"Ta'izz",
ZA-EC,3420,ZA,"Eastern Cape",
ZA-FS,3421,ZA,"Free State",
ZA-GP,3422,ZA,"Gauteng",
ZA-KZN,3423,ZA,"Kwazulu-Natal",
ZA-LP,3424,ZA,"Limpopo",
ZA-MP,3425,ZA,"Mpumalanga",
ZA-NC,3426,ZA,"Northern Cape",
ZA-NW,3427,ZA,"North-West",
ZA-WC,3428,ZA,"Western Cape",
ZM-01,3429,ZM,"Western",
ZM-02,3430,ZM,"Central",
ZM-03,3431,ZM,"Eastern",
ZM-04,3432,ZM,"Luapula",
ZM-05,3433,ZM,"Northern",
ZM-06,3434,ZM,"North-Western",
ZM-07,3435,ZM,"Southern",
ZM-08,3436,ZM,"Copperbelt",
ZM-09,3437,ZM,"Lusaka",
ZM-10,3438,ZM,"Muchinga",
ZW-BU,3439,ZW,"Bulawayo",
ZW-HA,3440,ZW,"Harare",
ZW-MA,3441,ZW,"Manicaland",
ZW-MC,3442,ZW,"Mashonaland Central",
ZW-ME,3443,ZW,"Mashonaland East",
ZW-MI,3444,ZW,"Midlands",
ZW-MN,3445,ZW,"Matabeleland North",
ZW-MS,3446,ZW,"Matabeleland South",
ZW-MV,3447,ZW,"Masvingo",
ZW-MW,3448,ZW,"Mashonaland West",
00-00,3449,0,"Unknown",
ES-CE,3450,ES,"Ceuta",
ES-ML,3451,ES,"Melilla",
ES-C,3452,ES,"A Corua",
ES-A,3453,ES,"Alacant",
ES-AB,3454,ES,"Albacete",
ES-AL,3455,ES,"Almera",
ES-VI,3456,ES,"Araba",
ES-O,3457,ES,"Asturias",
ES-BA,3458,ES,"Badajoz",
ES-B,3459,ES,"Barcelona",
ES-BI,3460,ES,"Bizkaia",
ES-BU,3461,ES,"Burgos",
ES-S,3462,ES,"Cantabria",
ES-CS,3463,ES,"Castell",
ES-CR,3464,ES,"Ciudad Real",
ES-CU,3465,ES,"Cuenca",
ES-CC,3466,ES,"Cceres",
ES-CA,3467,ES,"Cdiz",
ES-CO,3468,ES,"Crdoba",
ES-SS,3469,ES,"Gipuzkoa",
ES-GI,3470,ES,"Girona",
ES-GR,3471,ES,"Granada",
ES-GU,3472,ES,"Guadalajara",
ES-H,3473,ES,"Huelva",
ES-HU,3474,ES,"Huesca",
ES-PM,3475,ES,"Illes Balears",
ES-J,3476,ES,"Jan",
ES-LO,3477,ES,"La Rioja",
ES-GC,3478,ES,"Las Palmas",
ES-LE,3479,ES,"Len",
ES-L,3480,ES,"Lleida",
ES-LU,3481,ES,"Lugo",
ES-M,3482,ES,"Madrid",
ES-MU,3483,ES,"Murcia",
ES-MA,3484,ES,"Mlaga",
ES-NA,3485,ES,"Navarra",
ES-OR,3486,ES,"Ourense",
ES-P,3487,ES,"Palencia",
ES-PO,3488,ES,"Pontevedra",
ES-SA,3489,ES,"Salamanca",
ES-TF,3490,ES,"Santa Cruz de Tenerife",
ES-SG,3491,ES,"Segovia",
ES-SE,3492,ES,"Sevilla",
ES-SO,3493,ES,"Soria",
ES-T,3494,ES,"Tarragona",
ES-TE,3495,ES,"Teruel",
ES-TO,3496,ES,"Toledo",
ES-V,3497,ES,"Valencia",
ES-VA,3498,ES,"Valladolid",
ES-V,3499,ES,"Valncia",
ES-ZA,3500,ES,"Zamora",
ES-Z,3501,ES,"Zaragoza",
ES-VI,3502,ES,"lava",
ES-AV,3503,ES,"vila",

